id,name,bn_name,gender,user_type
1,Dr. Md Sidur Rahman,Dr. Md Sidur Rahman,FEMALE
2,Dr. Susmita Sarker,Dr. Susmita Sarker,FEMALE
3,Dr. Md.Mahidul Islam,Dr. Md.Mahidul Islam,MALE
4,Dr. MASUD PARVEZ,Dr. MASUD PARVEZ,MALE
5,Dr. MD. TAIFUR AZIZ KHAN,Dr. MD. TAIFUR AZIZ KHAN,MALE
6,Dr. Atanu Dey,Dr. Atanu Dey,MALE
7,Dr. Nazrul Haque,Dr. Nazrul Haque,MALE
8,Dr. Kawser Ahmed Khan,Dr. Kawser Ahmed Khan,MALE
9,Dr. Tapan Sarkar,Dr. Tapan Sarkar,MALE
10,Dr. ASAD ULLAH,Dr. ASAD ULLAH,MALE
11,Dr. Md. Sabbir Ahamed,Dr. Md. Sabbir Ahamed,MALE
12,Dr. Pritom Muztahid,Dr. Pritom Muztahid,MALE
13,Dr. Sultanan Nasira Suravi,Dr. Sultanan Nasira Suravi,FEMALE
14,Dr. Mohammad Torikul,Dr. Mohammad Torikul,MALE
15,Dr. Mohammed Waliur Rahman,Dr. Mohammed Waliur Rahman,MALE
16,Dr. Shubro Das Partho,Dr. Shubro Das Partho,MALE
17,Dr. Sheikh Omar,Dr. Sheikh Omar,MALE
18,Dr. Md. Shamsul Alam,Dr. Md. Shamsul Alam,MALE
19,Dr. Anupam Dutta Roy,Dr. Anupam Dutta Roy,MALE
20,Dr. Farjana Yeasmeen,Dr. Farjana Yeasmeen,FEMALE
21,Dr. Masuma Mokhles,Dr. Masuma Mokhles,FEMALE
22,Dr. Saiful Maleque,Dr. Saiful Maleque,MALE
23,Dr. Shanaz Parvin Sathi,Dr. Shanaz Parvin Sathi,FEMALE
24,Asst. Prof. Dr. Kamruzzaman Mredha,Asst. Prof. Dr. Kamruzzaman Mredha,MALE
25,Dr. Abu Naser Foysal Reza,Dr. Abu Naser Foysal Reza,MALE
26,Dr. Abbas Uddin,Dr. Abbas Uddin,MALE
27,Asst. Prof. Dr. Monika Parvin,Asst. Prof. Dr. Monika Parvin,FEMALE
28,Dr. Shafkat Hasan,Dr. Shafkat Hasan,MALE
29,Dr. Md. Rakib-Ul Aowal Mazumder,Dr. Md. Rakib-Ul Aowal Mazumder,MALE
30,Dr. Nazmul Hossen Nipu,Dr. Nazmul Hossen Nipu,MALE
31,Dr. Shamiha Seraj,Dr. Shamiha Seraj,FEMALE
32,Dr. Md. Sohanur Rahman,Dr. Md. Sohanur Rahman,MALE
33,Dr. R S,Dr. R S,MALE
34,Dr. Yousup Nabi,Dr. Yousup Nabi,MALE
35,Dr. Ripon Kumar Ghosh,Dr. Ripon Kumar Ghosh,MALE
36,Dr. Plabani Saha,Dr. Plabani Saha,FEMALE
37,Dr. Md.Mujibur Rahman,Dr. Md.Mujibur Rahman,MALE
38,Dr. Md. Raju Ahmed,Dr. Md. Raju Ahmed,MALE
39,Dr. Akhter Uz Zaman Sajib,Dr. Akhter Uz Zaman Sajib,MALE
40,Dr. Palash Kumar Roy,Dr. Palash Kumar Roy,MALE
41,Dr. MD ASADUZZAMAN SADI,Dr. MD ASADUZZAMAN SADI,MALE
42,Dr. Mohammad Zakaria,Dr. Mohammad Zakaria,MALE
43,Dr. Mortuza Rahim,Dr. Mortuza Rahim,MALE
44,Dr. Rakib Hasan Sabbir Test,Dr. Rakib Hasan Sabbir Test,MALE
45,Dr. Md. Mohibbullah,Dr. Md. Mohibbullah,MALE
46,Dr. Md. Hasan Sharif,Dr. Md. Hasan Sharif,MALE
47,Dr. Nusrat Jahan,Dr. Nusrat Jahan,FEMALE
48,Dr. Faiyaz Mahamud,Dr. Faiyaz Mahamud,MALE
49,Dr. G M Kaisar,Dr. G M Kaisar,MALE
50,Dr. Md.Mohsin Hossain,Dr. Md.Mohsin Hossain,MALE
51,Dr. D for Doctor,Dr. D for Doctor,MALE
52,Dr. G Doctor,Dr. G Doctor,MALE
53,Dr. Md.Abu Ayub Khan,Dr. Md.Abu Ayub Khan,MALE
54,Dr. Hasan Shahriar,Dr. Hasan Shahriar,MALE
55,Dr. Khaled bin Shahabuddin,Dr. Khaled bin Shahabuddin,MALE
56,Dr. Rabeya Khatun,Dr. Rabeya Khatun,FEMALE
57,Dr. Automation One,Dr. Automation One,MALE
58,Dr. Fariha Anam,Dr. Fariha Anam,FEMALE
59,Dr. Tasmia Ferdous,Dr. Tasmia Ferdous,FEMALE
60,Dr. Shankhamay Ghosh,Dr. Shankhamay Ghosh,MALE
61,Dr. Puja Majumder,Dr. Puja Majumder,FEMALE
62,Dr. Atika Anjuman,Dr. Atika Anjuman,FEMALE
63,Dr. Md.Abu Bakar Siddique,Dr. Md.Abu Bakar Siddique,MALE
64,Dr. S M Abu Sayeed,Dr. S M Abu Sayeed,MALE
65,Dr. Turanjoy Mukherjee,Dr. Turanjoy Mukherjee,MALE
66,Dr. Mohammad Rafiq-un-Nabi Siam,Dr. Mohammad Rafiq-un-Nabi Siam,MALE
67,Dr. MD Nur-E-Ashfaq Alam,Dr. MD Nur-E-Ashfaq Alam,MALE
68,Dr. Taufique-E-Elahi Sabuz,Dr. Taufique-E-Elahi Sabuz,MALE
69,Dr. Kawser Hamid,Dr. Kawser Hamid,MALE
70,Dr. Md. Sadiqur Rahman,Dr. Md. Sadiqur Rahman,MALE
71,Dr. Orin Jamie,Dr. Orin Jamie,FEMALE
72,Dr. Nahid Azhar,Dr. Nahid Azhar,MALE
73,Dr. Anjuman Ara TAMANNA,Dr. Anjuman Ara TAMANNA,FEMALE
74,Dr. Al Saad,Dr. Al Saad,MALE
75,Asst. Prof. Dr. Nahidul Islam,Asst. Prof. Dr. Nahidul Islam,MALE
76,Dr. Humayun Rashid Sagor,Dr. Humayun Rashid Sagor,MALE
77,Dr. Rabiul Islam,Dr. Rabiul Islam,MALE
78,Prof. Dr. Ishita Moin,Prof. Dr. Ishita Moin,NONE
79,Dr. MD. ATIQUR RAHAMAN,Dr. MD. ATIQUR RAHAMAN,MALE
80,Dr. Nitul Roy,Dr. Nitul Roy,MALE
81,Dr. Sakhawat hossain,Dr. Sakhawat hossain,MALE
82,Prof. Dr. Mukti Rani Ghosh,Prof. Dr. Mukti Rani Ghosh,NONE
83,Prof. Dr. Tamanna Elahi,Prof. Dr. Tamanna Elahi,NONE
84,Dr. M R Karim Reza,Dr. M R Karim Reza,MALE
85,Dr. Farjana Khanom,Dr. Farjana Khanom,FEMALE
86,Dr. Md.Mashfiqul Haque,Dr. Md.Mashfiqul Haque,MALE
87,Dr. .Test Team,Dr. .Test Team,MALE
88,Dr. Marzatul Hasna,Dr. Marzatul Hasna,FEMALE
89,Dr. Md Mohiuddin MajedChowdhury,Dr. Md Mohiuddin MajedChowdhury,MALE
90,Dr. Mohammad Nasir Uddin,Dr. Mohammad Nasir Uddin,MALE
91,Assoc. Prof. Dr. Sheikh Zahid Boksh,Assoc. Prof. Dr. Sheikh Zahid Boksh,MALE
92,Dr. Mithun Nath,Dr. Mithun Nath,MALE
93,Dr. Test Doc,Dr. Test Doc,NONE
94,Asst. Prof. Dr. Testing Purpose,Asst. Prof. Dr. Testing Purpose,MALE
95,Dr. Mehedi Hasan,Dr. Mehedi Hasan,MALE
96,Dr. Supriya Sarker,Dr. Supriya Sarker,FEMALE
97,Dr. Md. Arif Hasan Bhuiyan,Dr. Md. Arif Hasan Bhuiyan,MALE
98,Dr. L. Bow,Dr. L. Bow,MALE
99,Dr. Test Doctor,Dr. Test Doctor,MALE
100,Dr. Md Jamal Mia Shovon,Dr. Md Jamal Mia Shovon,MALE
101,Dr. kawsarul islam,Dr. kawsarul islam,MALE
102,Dr. KHALED MAHMUD,Dr. KHALED MAHMUD,MALE
103,Dr. HASANUL QUADER,Dr. HASANUL QUADER,MALE
104,Asst. Prof. Dr. Nooruddin Talukder,Asst. Prof. Dr. Nooruddin Talukder,MALE
105,Dr. Shaheen Mahmud,Dr. Shaheen Mahmud,MALE
106,Dr. A. F. M. Noman,Dr. A. F. M. Noman,MALE
107,Assoc. Prof. Dr. Sultana Afroj,Assoc. Prof. Dr. Sultana Afroj,FEMALE
108,Dr. Kazi AbdulMomin,Dr. Kazi AbdulMomin,MALE
109,Dr. Kamrun Naher,Dr. Kamrun Naher,FEMALE
110,Dr. Umme Habiba,Dr. Umme Habiba,FEMALE
111,Dr. Maria Meherjabin,Dr. Maria Meherjabin,FEMALE
112,Assoc. Prof. Dr. Test Purpose,Assoc. Prof. Dr. Test Purpose,FEMALE
113,Assoc. Prof. Dr. Test Tube,Assoc. Prof. Dr. Test Tube,MALE
114,Dr. Golam Robbani Maruf,Dr. Golam Robbani Maruf,MALE
115,Asst. Prof. Dr. AKM Ziaul Huque,Asst. Prof. Dr. AKM Ziaul Huque,MALE
116,Dr. Samia Mazumder Koli,Dr. Samia Mazumder Koli,FEMALE
117,Dr. Yasmin Akter Anne,Dr. Yasmin Akter Anne,FEMALE
118,Dr. Tasnia Shoily,Dr. Tasnia Shoily,MALE
119,Dr. Shabinaz Rahim,Dr. Shabinaz Rahim,FEMALE
120,Dr. Tech Doc,Dr. Tech Doc,MALE
121,Dr. Gupal Karmaker,Dr. Gupal Karmaker,MALE
122,Dr. Tech Doctor,Dr. Tech Doctor,MALE
123,Dr. JAKARIA ISLAM,Dr. JAKARIA ISLAM,MALE
124,Assoc. Prof. Dr. Muhammed Ashraful Alam Bhuiyan,Assoc. Prof. Dr. Muhammed Ashraful Alam Bhuiyan,MALE
125,Dr. Avishek Mondal,Dr. Avishek Mondal,MALE
126,Dr. Afifa Dana,Dr. Afifa Dana,FEMALE
127,Dr. Rezuan Rifat,Dr. Rezuan Rifat,MALE
128,Dr. Fazle Rabbi,Dr. Fazle Rabbi,MALE
129,Dr. Md.Shamim Arafath,Dr. Md.Shamim Arafath,MALE
130,Dr. Kamrul Hasan,Dr. Kamrul Hasan,MALE
131,Dr. Md. Jamshed Ali,Dr. Md. Jamshed Ali,MALE
132,Dr. Shamsuddin Mahmud,Dr. Shamsuddin Mahmud,MALE
133,Dr. Raquib Hussain,Dr. Raquib Hussain,MALE
134,Dr. Farzana Akhtar,Dr. Farzana Akhtar,FEMALE
135,Dr. Be Low,Dr. Be Low,MALE
136,Dr. MD. GOLAM-UR-RAHAMAN SOHAIL,Dr. MD. GOLAM-UR-RAHAMAN SOHAIL,MALE
137,Dr. Shahnaz Mustafa,Dr. Shahnaz Mustafa,FEMALE
138,Dr. M Hadiuzzaman Hadi,Dr. M Hadiuzzaman Hadi,MALE
139,Dr. SAMRAT SADAT AL Safi,Dr. SAMRAT SADAT AL Safi,MALE
140,Dr. Sanjiba Chowdhury,Dr. Sanjiba Chowdhury,FEMALE
141,Dr. Tamim Al Mishu,Dr. Tamim Al Mishu,MALE
142,Dr. Md. Anisul Hoque,Dr. Md. Anisul Hoque,MALE
143,Dr. Md. Imtiaz Safa,Dr. Md. Imtiaz Safa,MALE
144,Dr. SWATI DAS,Dr. SWATI DAS,FEMALE
145,Dr. Sheikh Abir Mahmood,Dr. Sheikh Abir Mahmood,MALE
146,Asst. Prof. Dr. Moyeen Uddin Ahmed,Asst. Prof. Dr. Moyeen Uddin Ahmed,MALE
147,Dr. Maisum Sobhan,Dr. Maisum Sobhan,MALE
148,Dr. S M Mahbubur Rahman,Dr. S M Mahbubur Rahman,FEMALE
149,Dr. Mashrufa Tasnim,Dr. Mashrufa Tasnim,FEMALE
150,Dr. MD.NAHID YUSUF,Dr. MD.NAHID YUSUF,MALE
151,Shahina Akther,Shahina Akther,FEMALE
152,Shamima Akter Mimi,Shamima Akter Mimi,FEMALE
153,Dr. Thouhidul Anwar,Dr. Thouhidul Anwar,MALE
154,Dr. Ram Chowdhury,Dr. Ram Chowdhury,MALE
155,Dr. Maj. Lutfor Rahman,Dr. Maj. Lutfor Rahman,MALE
156,Dr. Saikat Joydhar,Dr. Saikat Joydhar,MALE
157,Dr. Rif At Walia Nabila,Dr. Rif At Walia Nabila,FEMALE
158,Dr. Marouf Hossain Evan,Dr. Marouf Hossain Evan,MALE
159,Dr. Sanjida Ahmed,Dr. Sanjida Ahmed,FEMALE
160,Dr. Awad Nur Al Sabri,Dr. Awad Nur Al Sabri,MALE
161,Dr. Aga Salehin Farhan,Dr. Aga Salehin Farhan,MALE
162,Dr. anowar shamim,Dr. anowar shamim,MALE
163,Dr. Sharmin Nahar,Dr. Sharmin Nahar,FEMALE
164,Dr. Md. Radwanur Rahman Anik,Dr. Md. Radwanur Rahman Anik,MALE
165,Dr. Dhiman Chowdhury,Dr. Dhiman Chowdhury,MALE
166,Dr. Fuad Ahmed,Dr. Fuad Ahmed,MALE
167,Dr. Rasna sharmin,Dr. Rasna sharmin,FEMALE
168,Dr. Md.Rasheduzzaman Sarker,Dr. Md.Rasheduzzaman Sarker,MALE
169,Dr. Subarna Biswas,Dr. Subarna Biswas,FEMALE
170,Dr. Fatema Akhter Sampa,Dr. Fatema Akhter Sampa,FEMALE
171,Dr. Mohiuddin Mohammad Alamgir,Dr. Mohiuddin Mohammad Alamgir,MALE
172,Dr. S. M. Hasnain Iqbal,Dr. S. M. Hasnain Iqbal,MALE
173,Dr. MOSTAFA MAHTAB TOAHA,Dr. MOSTAFA MAHTAB TOAHA,MALE
174,Dr. Abu Naser Muhammad Kibriya,Dr. Abu Naser Muhammad Kibriya,MALE
175,Dr. Anjelika Diba Purification,Dr. Anjelika Diba Purification,FEMALE
176,Dr. Nishat Jahan,Dr. Nishat Jahan,FEMALE
177,Dr. Afsana Rabeya Disha,Dr. Afsana Rabeya Disha,FEMALE
178,Dr. Mehedi Jafrin,Dr. Mehedi Jafrin,FEMALE
179,Dr. Nazmun Naher,Dr. Nazmun Naher,FEMALE
180,Dr. Anamul  Hoque Sojan,Dr. Anamul  Hoque Sojan,MALE
181,Dr. Fatema Tahira Tajrian,Dr. Fatema Tahira Tajrian,FEMALE
182,Dr. Shahana Parveen,Dr. Shahana Parveen,FEMALE
183,Dr. Saroj Gharami,Dr. Saroj Gharami,MALE
184,Dr. Esrat Zahan Risha,Dr. Esrat Zahan Risha,FEMALE
185,Dr. Zahra Hossiny Anin,Dr. Zahra Hossiny Anin,FEMALE
186,Dr. Mashura Musharraf,Dr. Mashura Musharraf,FEMALE
187,Dr. Md. Masudur Rahman,Dr. Md. Masudur Rahman,MALE
188,Dr. Shobnam Mustary Ive,Dr. Shobnam Mustary Ive,FEMALE
189,Dr. Md Nasir Uddin,Dr. Md Nasir Uddin,MALE
190,Dr. Tiasha Kuri,Dr. Tiasha Kuri,FEMALE
191,Dr. Sohag Mia,Dr. Sohag Mia,MALE
192,Dr. Mohammed Imran Khan,Dr. Mohammed Imran Khan,MALE
193,Dr. Md Wahiduzzaman,Dr. Md Wahiduzzaman,FEMALE
194,Dr. Sadia Sharmin,Dr. Sadia Sharmin,FEMALE
195,Dr. Nusrat Hashem,Dr. Nusrat Hashem,FEMALE
196,Dr. Biswajit Paul,Dr. Biswajit Paul,MALE
197,Assoc. Prof. Dr. Sadika Kadir,Assoc. Prof. Dr. Sadika Kadir,FEMALE
198,Dr. Nazia Islam Nisha,Dr. Nazia Islam Nisha,FEMALE
199,Dr. Borhan Nahid,Dr. Borhan Nahid,MALE
200,Dr. Md Shahjahan Siraj,Dr. Md Shahjahan Siraj,MALE
201,Dr. Avijit Mallick,Dr. Avijit Mallick,MALE
202,Dr. K. Ehsan,Dr. K. Ehsan,MALE
203,Dr. Md. Nahid Hasan Jannat,Dr. Md. Nahid Hasan Jannat,MALE
204,Dr. Athful Hai Shibli,Dr. Athful Hai Shibli,MALE
205,Dr. Md. Rafiqul Islam,Dr. Md. Rafiqul Islam,MALE
206,Sharmin Akter Shetu,Sharmin Akter Shetu,FEMALE
207,Dr. Arafat Jamil,Dr. Arafat Jamil,MALE
208,Dr. Mohammad Sajibul Islam,Dr. Mohammad Sajibul Islam,MALE
209,Dr. Sharmin Akter,Dr. Sharmin Akter,FEMALE
210,Dr. Samrat Kishore Podder,Dr. Samrat Kishore Podder,MALE
211,Dr. Mostafa Anwarul Auwal,Dr. Mostafa Anwarul Auwal,MALE
212,Dr. MD.NAZMUL HASAN,Dr. MD.NAZMUL HASAN,MALE
213,S.M. Mahamudul Hassan,S.M. Mahamudul Hassan,MALE
214,Dr. Mahbuba Akhter Jahan,Dr. Mahbuba Akhter Jahan,FEMALE
215,Dr. Muhammad Sohel Rana,Dr. Muhammad Sohel Rana,MALE
216,Dr. Mohammad Shafiqul Islam,Dr. Mohammad Shafiqul Islam,MALE
217,Dr. Md. Raihanul Hasan Chowdhury,Dr. Md. Raihanul Hasan Chowdhury,MALE
218,Dr. Md. Abdullah-Al- Kaiser,Dr. Md. Abdullah-Al- Kaiser,MALE
219,Dr. Mainul Islam,Dr. Mainul Islam,MALE
220,Dr. Md. Riaz Uddin Mitul,Dr. Md. Riaz Uddin Mitul,MALE
221,Dr. Khalidur Rahman,Dr. Khalidur Rahman,MALE
222,Dr. Zinat Jahan Ruma,Dr. Zinat Jahan Ruma,FEMALE
223,Dr. Kamrul Hasan Jewel,Dr. Kamrul Hasan Jewel,MALE
224,Dr. Masud Rana,Dr. Masud Rana,MALE
225,Dr. Jenifa Sultana,Dr. Jenifa Sultana,FEMALE
226,Dr. Amatta Indro,Dr. Amatta Indro,MALE
227,Dr. SHAIMA NOWSHIN TARAFDER SNIGDHA,Dr. SHAIMA NOWSHIN TARAFDER SNIGDHA,FEMALE
228,Dr. Sakina Arefin,Dr. Sakina Arefin,FEMALE
229,Dr. Md. Humayun Kabir,Dr. Md. Humayun Kabir,MALE
230,Dr. Istiaque Ahmed Khan,Dr. Istiaque Ahmed Khan,MALE
231,Dr. Md Khalid Saifullah,Dr. Md Khalid Saifullah,MALE
232,Dr. Preva Mollick,Dr. Preva Mollick,FEMALE
233,Dr. Md Fahad,Dr. Md Fahad,MALE
234,Tasnim Asiq,Tasnim Asiq,FEMALE
235,Dr. Md. Jubair Hosen,Dr. Md. Jubair Hosen,MALE
236,Dr. H M MASHIUR RAHMAN,Dr. H M MASHIUR RAHMAN,MALE
237,Dr. Mithun Sarker,Dr. Mithun Sarker,MALE
238,Asst. Prof. Dr. Afsara Tasnim,Asst. Prof. Dr. Afsara Tasnim,FEMALE
239,Dr. Rezowana Shams,Dr. Rezowana Shams,FEMALE
240,Dr. Tauhid Hasan,Dr. Tauhid Hasan,MALE
241,Dr. Kamrun Nahar Nipa,Dr. Kamrun Nahar Nipa,FEMALE
242,Dr. S M Firoz Rashid,Dr. S M Firoz Rashid,MALE
243,Dr. MD.RAJIB MIA,Dr. MD.RAJIB MIA,MALE
244,Dr. Repon Saha,Dr. Repon Saha,MALE
245,Dr. Jannatul Bake,Dr. Jannatul Bake,FEMALE
246,Miss Test Nutritionist Consultant,Miss Test Nutritionist Consultant,FEMALE
247,Dr. Mufti Al-Mahid,Dr. Mufti Al-Mahid,MALE
248,Dr. Ekramul Haque,Dr. Ekramul Haque,MALE
249,Dr. Jibonananda Deb Roy,Dr. Jibonananda Deb Roy,MALE
250,Dr. Nafis Ishraq,Dr. Nafis Ishraq,MALE
251,Prof. Dr. Test Best,Prof. Dr. Test Best,FEMALE
252,Dr. Fahad Munim Tushar,Dr. Fahad Munim Tushar,MALE
253,Dr. Lutfa Ahmed,Dr. Lutfa Ahmed,FEMALE
254,Dr. Sunny Al Amin,Dr. Sunny Al Amin,MALE
255,Dr. Tausif Hossain,Dr. Tausif Hossain,MALE
256,Dr. Md.Nurul Islam,Dr. Md.Nurul Islam,MALE
257,Dr. Anindya Das Sourav,Dr. Anindya Das Sourav,MALE
258,Ashraful Alam Khan,Ashraful Alam Khan,MALE
259,Dr. Bappy Kumar Das,Dr. Bappy Kumar Das,MALE
260,Dr. Imrul Basher Rahman,Dr. Imrul Basher Rahman,MALE
261,Dr. Kawsary Alam Yasmin,Dr. Kawsary Alam Yasmin,FEMALE
262,Dr. BIJOY PAL,Dr. BIJOY PAL,MALE
263,Dr. Iffat Jahan Khan,Dr. Iffat Jahan Khan,FEMALE
264,Dr. Pabitra Ranjan saha,Dr. Pabitra Ranjan saha,MALE
265,Dr. Fahim Faruque,Dr. Fahim Faruque,MALE
266,Dr. Abu Musa,Dr. Abu Musa,MALE
267,Dr. Jarin Tasnim Rahman,Dr. Jarin Tasnim Rahman,FEMALE
268,Dr. MD RAIHAN UDDIN KHAN,Dr. MD RAIHAN UDDIN KHAN,MALE
269,Dr. Hasibul Islam Nahid,Dr. Hasibul Islam Nahid,MALE
270,Dr. Dilruba Sharmin,Dr. Dilruba Sharmin,FEMALE
271,Dr. Md.Harun-Ur-Rashid Khan,Dr. Md.Harun-Ur-Rashid Khan,MALE
272,Dr. Rizvan Forhad,Dr. Rizvan Forhad,MALE
273,Dr. Tanjila Aziz,Dr. Tanjila Aziz,FEMALE
274,Dr. Foysal Ahmed,Dr. Foysal Ahmed,MALE
275,Dr. Diponkor Sarker,Dr. Diponkor Sarker,MALE
276,Dr. Faisal Rahman,Dr. Faisal Rahman,MALE
277,Dr. Md. Abdur Rob Sobuz,Dr. Md. Abdur Rob Sobuz,MALE
278,Dr. Rahul Yeasar Rifat,Dr. Rahul Yeasar Rifat,MALE
279,Dr. Golam Moudud Ahmed,Dr. Golam Moudud Ahmed,MALE
280,Dr. Biswajit Deb,Dr. Biswajit Deb,MALE
281,Dr. FARIDUL ALAM,Dr. FARIDUL ALAM,MALE
282,Dr. Rabeya  Akter Mithila,Dr. Rabeya  Akter Mithila,FEMALE
283,Dr. Shamim Rana Shakil,Dr. Shamim Rana Shakil,MALE
284,Dr. Mahmud Ur Rahman,Dr. Mahmud Ur Rahman,MALE
285,Dr. Asma Akter Sonia,Dr. Asma Akter Sonia,FEMALE
286,Dr. G.M. Ishtiaq Mahmud,Dr. G.M. Ishtiaq Mahmud,MALE
287,Asst. Prof. Dr. MONIR UDDIN -AL-HAFIZ,Asst. Prof. Dr. MONIR UDDIN -AL-HAFIZ,FEMALE
288,Asst. Prof. Dr. H.M.Khaleduzzaman Khaled,Asst. Prof. Dr. H.M.Khaleduzzaman Khaled,MALE
289,Dr. Tahsin Mahmud Sadman,Dr. Tahsin Mahmud Sadman,MALE
290,Dr. Kulsuma Parveen,Dr. Kulsuma Parveen,FEMALE
291,Dr. Muhammad Rezaul Kadir,Dr. Muhammad Rezaul Kadir,MALE
292,Dr. RAJIB SAHA,Dr. RAJIB SAHA,MALE
293,Nurjahan Akhter Sheuly,Nurjahan Akhter Sheuly,FEMALE
294,Dr. Rifat Moin Joya,Dr. Rifat Moin Joya,FEMALE
295,Dr. Khandaker Fadwana Islam,Dr. Khandaker Fadwana Islam,FEMALE
296,Dr. Nourin Nahar,Dr. Nourin Nahar,FEMALE
297,Dr. Khayrun Nisa Shifa,Dr. Khayrun Nisa Shifa,FEMALE
298,Dr. Tasnin Akter,Dr. Tasnin Akter,FEMALE
299,Dr. Test Doc,Dr. Test Doc,MALE
300,Dr. Jayanta paul Chowdhury,Dr. Jayanta paul Chowdhury,MALE
301,Dr. Mahjabin Rashid Tinni,Dr. Mahjabin Rashid Tinni,FEMALE
302,Dr. Pashla Chakma,Dr. Pashla Chakma,FEMALE
303,Dr. Md Sabbir Ahmmed,Dr. Md Sabbir Ahmmed,MALE
304,Asst. Prof. Dr. Zahid Hossain,Asst. Prof. Dr. Zahid Hossain,MALE
305,Dr. Kazi Nowal,Dr. Kazi Nowal,MALE
306,Dr. Deepanwita Mitra,Dr. Deepanwita Mitra,FEMALE
307,Dr. Md Sadiq Uddin Khan,Dr. Md Sadiq Uddin Khan,MALE
308,Dr. Md. Akther Hosen Tansen,Dr. Md. Akther Hosen Tansen,MALE
309,Dr. Shubhangkar Saha,Dr. Shubhangkar Saha,MALE
310,Dr. Mohajer Mohiuddin,Dr. Mohajer Mohiuddin,MALE
311,Dr. ujjwal roy,Dr. ujjwal roy,MALE
312,Dr. MD. Ashiqur Rahman,Dr. MD. Ashiqur Rahman,MALE
313,Dr. Sourav Nath,Dr. Sourav Nath,MALE
314,Dr. Syeda Afsana Mouri Praptee,Dr. Syeda Afsana Mouri Praptee,FEMALE
315,Dr. Md. Abedul Hoque,Dr. Md. Abedul Hoque,MALE
316,Dr. Iqbal Humyun Razib,Dr. Iqbal Humyun Razib,MALE
317,Dr. Adbullah Al Mamun Jony,Dr. Adbullah Al Mamun Jony,MALE
318,Dr. Zaka Kaif,Dr. Zaka Kaif,MALE
319,Dr. Sourav Danda,Dr. Sourav Danda,MALE
320,Dr. Md. Aktarujjaman,Dr. Md. Aktarujjaman,MALE
321,Dr. A K Shikder,Dr. A K Shikder,MALE
322,Dr. Md Rajeb Mia,Dr. Md Rajeb Mia,MALE
323,Dr. Md Mobussirul Ferdous,Dr. Md Mobussirul Ferdous,MALE
324,Dr. Ms. Zahidul Islam Akhand,Dr. Ms. Zahidul Islam Akhand,MALE
325,Dr. MD.GULAM MAIN UDDIN,Dr. MD.GULAM MAIN UDDIN,MALE
326,Dr. Adeeb Ahnaf,Dr. Adeeb Ahnaf,MALE
327,Dr. Pradikta Das Shreya,Dr. Pradikta Das Shreya,FEMALE
328,Dr. MAHMODUL HASAN Al- FARABY,Dr. MAHMODUL HASAN Al- FARABY,MALE
329,Dr. Aktaruzzaman Azad,Dr. Aktaruzzaman Azad,MALE
330,Dr. Tauhid Al Araf,Dr. Tauhid Al Araf,MALE
331,Dr. Mamunul Abedin Shimul,Dr. Mamunul Abedin Shimul,MALE
332,Dr. Niamul Maula Akash,Dr. Niamul Maula Akash,MALE
333,Dr. Md Sakib Hasan,Dr. Md Sakib Hasan,MALE
334,Dr. Samir Mohammad Tasrif,Dr. Samir Mohammad Tasrif,MALE
335,Dr. Zakia Sultana,Dr. Zakia Sultana,FEMALE
336,Dr. Ruhul Amin,Dr. Ruhul Amin,MALE
337,Dr. Tabassum Elahi,Dr. Tabassum Elahi,FEMALE
338,Dr. Partho Bosu,Dr. Partho Bosu,MALE
339,Dr. Md.Delower Hossain,Dr. Md.Delower Hossain,MALE
340,Dr. Fatema Tuz Zohora,Dr. Fatema Tuz Zohora,FEMALE
341,Dr. Muhammad Shihab,Dr. Muhammad Shihab,MALE
342,Dr. Abdul Aual,Dr. Abdul Aual,MALE
343,Dr. a. s. m. sayem,Dr. a. s. m. sayem,MALE
344,Dr. Fahmida Akter,Dr. Fahmida Akter,FEMALE
345,Dr. Rifat Ara Nidha,Dr. Rifat Ara Nidha,FEMALE
346,Dr. MD. ASADUZZAMAN RAJIB,Dr. MD. ASADUZZAMAN RAJIB,MALE
347,Dr. Rafiul Azam Ghoree,Dr. Rafiul Azam Ghoree,MALE
348,Dr. S.M. Minhajul Arefin,Dr. S.M. Minhajul Arefin,MALE
349,Dr. Urmila Nahar,Dr. Urmila Nahar,FEMALE
350,Dr. Farhana Sarkar,Dr. Farhana Sarkar,FEMALE
351,Dr. Genia Ferdous,Dr. Genia Ferdous,FEMALE
352,Dr. Abdullah Al Mamun,Dr. Abdullah Al Mamun,MALE
353,Dr. MST. UMME HABIBA,Dr. MST. UMME HABIBA,FEMALE
354,Dr. Md.Omur Khan,Dr. Md.Omur Khan,MALE
355,Dr. Saifullah Al Noman,Dr. Saifullah Al Noman,MALE
356,Dr. Umme Sabiha Akhter,Dr. Umme Sabiha Akhter,FEMALE
357,Adithi Sutradhar,Adithi Sutradhar,FEMALE
358,Dr. Tahmina Hoque Pinki,Dr. Tahmina Hoque Pinki,FEMALE
359,Dr. Tausif Subid,Dr. Tausif Subid,MALE
360,Dr. Md. Khalid Hasan,Dr. Md. Khalid Hasan,MALE
361,Dr. Fatema Yesmin,Dr. Fatema Yesmin,FEMALE
362,Dr. Shariful Halim,Dr. Shariful Halim,MALE
363,Dr. FATAMA TUS SAUDA,Dr. FATAMA TUS SAUDA,FEMALE
364,Dr. Abdullah Sajid Imam,Dr. Abdullah Sajid Imam,MALE
365,Dr. mohammad saifullah,Dr. mohammad saifullah,MALE
366,Dr. Md Al Azmain,Dr. Md Al Azmain,MALE
367,Dr. Md. Abu Fattah Jaheen,Dr. Md. Abu Fattah Jaheen,MALE
368,Dr. Md Yousuf  Ahmed Emon,Dr. Md Yousuf  Ahmed Emon,MALE
369,Dr. Mohammed Zakir Hossain,Dr. Mohammed Zakir Hossain,MALE
370,Dr. Rifat Ara Nova,Dr. Rifat Ara Nova,FEMALE
371,Dr. Syed Mehrab Kabir,Dr. Syed Mehrab Kabir,MALE
372,Dr. Ent Doc,Dr. Ent Doc,MALE
373,Dr. Afroza Sultana,Dr. Afroza Sultana,FEMALE
374,Dr. Jannatun Naeem,Dr. Jannatun Naeem,FEMALE
375,Dr. Md. Nashidur Rahman,Dr. Md. Nashidur Rahman,MALE
376,Dr. Minhaz Ahmed,Dr. Minhaz Ahmed,MALE
377,Dr. Badrunnahar Sharna,Dr. Badrunnahar Sharna,FEMALE
378,Dr. H. S. M. AL-SALIH SABBIR,Dr. H. S. M. AL-SALIH SABBIR,MALE
379,Dr. Tasnova Tanin,Dr. Tasnova Tanin,FEMALE
380,Dr. Rakibul Islam,Dr. Rakibul Islam,MALE
381,Dr. SYED SHAIR AHMED,Dr. SYED SHAIR AHMED,MALE
382,Md. Wahid Anowar,Md. Wahid Anowar,MALE
383,Dr. Md Shakhawat Hossain,Dr. Md Shakhawat Hossain,MALE
384,Dr. Md. Ariful Islam,Dr. Md. Ariful Islam,MALE
385,Dr. Fadlul Azim Abrar,Dr. Fadlul Azim Abrar,MALE
386,Dr. Kawsar Siddika,Dr. Kawsar Siddika,FEMALE
387,Dr. Imran Bin Manjur Murshed,Dr. Imran Bin Manjur Murshed,MALE
388,Dr. Md. Rahmotullah,Dr. Md. Rahmotullah,MALE
389,Dr. Hello D,Dr. Hello D,MALE
390,Dr. Sifat Mahmud,Dr. Sifat Mahmud,MALE
391,Dr. Fathema Sharmin,Dr. Fathema Sharmin,FEMALE
392,Dr. Fahmida akhter shipa,Dr. Fahmida akhter shipa,FEMALE
393,Dr. Masudur Rahman,Dr. Masudur Rahman,MALE
394,Dr. Md.Saydul Karim Sakib,Dr. Md.Saydul Karim Sakib,MALE
395,Dr. Arshia Anan,Dr. Arshia Anan,FEMALE
396,Dr. Ruma Chanda,Dr. Ruma Chanda,FEMALE
397,Dr. Mahbub Al Amin,Dr. Mahbub Al Amin,MALE
398,Dr. Md. Mahbubul Islam,Dr. Md. Mahbubul Islam,MALE
399,Dr. Sarowar Jahan,Dr. Sarowar Jahan,MALE
400,Dr. Faisal Ahmed,Dr. Faisal Ahmed,MALE
401,Assoc. Prof. Dr. bushra tanzem,Assoc. Prof. Dr. bushra tanzem,FEMALE
402,Dr. Mir Nur Azam Sikder,Dr. Mir Nur Azam Sikder,MALE
403,Dr. Tanzia Tabassum,Dr. Tanzia Tabassum,FEMALE
404,Dr. Mrittunjoy Kumar Sarder,Dr. Mrittunjoy Kumar Sarder,MALE
405,Dr. A K M NAHID FERDOUS,Dr. A K M NAHID FERDOUS,MALE
406,Dr. Md.Maksudur Rahman,Dr. Md.Maksudur Rahman,MALE
407,Dr. Dip Roy,Dr. Dip Roy,MALE
408,Dr. Shahriars islam,Dr. Shahriars islam,MALE
409,Dr. Md Ashikuzzaman,Dr. Md Ashikuzzaman,MALE
410,Dr. Jewel Rana,Dr. Jewel Rana,MALE
411,Asst. Prof. Dr. Naseeb Irshadullah,Asst. Prof. Dr. Naseeb Irshadullah,MALE
412,Dr. Jalal Ahmed,Dr. Jalal Ahmed,MALE
413,Dr. Shafwanur Rahman,Dr. Shafwanur Rahman,MALE
414,Dr. Tasnova Alam,Dr. Tasnova Alam,FEMALE
415,Dr. Nasima Khatun,Dr. Nasima Khatun,FEMALE
416,Asst. Prof. Dr. Md Sharif Bhuiyan,Asst. Prof. Dr. Md Sharif Bhuiyan,MALE
417,Dr. Test Nutritionist_live Two,Dr. Test Nutritionist_live Two,MALE
418,Dr. Abdullah Al Noman,Dr. Abdullah Al Noman,MALE
419,Prof. Dr. Test D Eight,Prof. Dr. Test D Eight,MALE
420,Dr. MD. TANVIR ELAHI,Dr. MD. TANVIR ELAHI,MALE
421,Dr. Lubaba Alam,Dr. Lubaba Alam,FEMALE
422,Dr. Tasmia Farzana Ahmed,Dr. Tasmia Farzana Ahmed,FEMALE
423,Dr. Amit Sikder,Dr. Amit Sikder,MALE
424,Dr. Lisanul Hasan,Dr. Lisanul Hasan,MALE
425,Dr. Sanzida Rahman,Dr. Sanzida Rahman,FEMALE
426,Dr. Omar Mahdi Abir,Dr. Omar Mahdi Abir,MALE
427,Dr. Md Hasibul Alam,Dr. Md Hasibul Alam,MALE
428,Dr. Sujon Paul,Dr. Sujon Paul,MALE
429,Dr. Humayun Rashid,Dr. Humayun Rashid,MALE
430,Dr. Zhilam Zia Rassel,Dr. Zhilam Zia Rassel,MALE
431,Dr. Sudipta Das,Dr. Sudipta Das,MALE
432,Dr. Fahim Uddin Ahmad,Dr. Fahim Uddin Ahmad,MALE
433,Dr. Ishrat Tarannom Trisha,Dr. Ishrat Tarannom Trisha,FEMALE
434,Dr. Naba Kumar Basak,Dr. Naba Kumar Basak,MALE
435,Dr. Muhammad Rasheduzzaman Rony,Dr. Muhammad Rasheduzzaman Rony,FEMALE
436,Dr. Nahid Hasan,Dr. Nahid Hasan,MALE
437,Dr. Mahmood Chowdhury,Dr. Mahmood Chowdhury,MALE
438,Dr. Maiesha Anjum Chowdhury,Dr. Maiesha Anjum Chowdhury,FEMALE
439,Dr. samiul Islam,Dr. samiul Islam,MALE
440,Dr. Parijat Datta,Dr. Parijat Datta,MALE
441,Dr. Syed Md. Sayeem Tanvir,Dr. Syed Md. Sayeem Tanvir,MALE
442,Dr. Ummay Najia Morshed Neela,Dr. Ummay Najia Morshed Neela,FEMALE
443,Dr. A. Kahar,Dr. A. Kahar,MALE
444,Dr. Suruj Barua,Dr. Suruj Barua,MALE
445,Dr. Rupa Saha,Dr. Rupa Saha,FEMALE
446,Dr. Jafrin Jabin Rahman,Dr. Jafrin Jabin Rahman,FEMALE
447,Dr. Md.Abdullahel Bari,Dr. Md.Abdullahel Bari,MALE
448,Dr. Fatematuz jahara,Dr. Fatematuz jahara,FEMALE
449,Dr. Sabbosachi biswas,Dr. Sabbosachi biswas,MALE
450,Dr. Md Raihanul Islam Chowdhury,Dr. Md Raihanul Islam Chowdhury,MALE
451,Dr. Annesha Majumder,Dr. Annesha Majumder,FEMALE
452,Dr. Kawsar Ahmed,Dr. Kawsar Ahmed,MALE
453,Dr. Adham Shahansha  Bhuiyan,Dr. Adham Shahansha  Bhuiyan,MALE
454,Dr. MD SABBIR RAHMAN,Dr. MD SABBIR RAHMAN,MALE
455,Dr. Md. Rajat Chowdhury,Dr. Md. Rajat Chowdhury,FEMALE
456,Dr. Tahmina Islam Moni,Dr. Tahmina Islam Moni,FEMALE
457,Dr. Jubayer Al Mahmud,Dr. Jubayer Al Mahmud,MALE
458,Dr. Sagor Paul,Dr. Sagor Paul,MALE
459,Dr. Arshi Ridhwan,Dr. Arshi Ridhwan,FEMALE
460,Dr. Zahin Abedin Galib,Dr. Zahin Abedin Galib,MALE
461,Dr. Showrab Biswas,Dr. Showrab Biswas,MALE
462,Dr. Md.Meshkath Nazir Fahim,Dr. Md.Meshkath Nazir Fahim,MALE
463,Dr. Alamgir Hossain Shemul,Dr. Alamgir Hossain Shemul,MALE
464,Dr. Ayesha Siddika,Dr. Ayesha Siddika,FEMALE,DOCTOR
465,Dr. MD. FAYEZ UDDIN,Dr. MD. FAYEZ UDDIN,MALE,DOCTOR
466,Prof. Dr. Test Doctor Live,Prof. Dr. Test Doctor Live,MALE,DOCTOR
467,Dr. Toufiq Hasan,Dr. Toufiq Hasan,MALE,DOCTOR
468,Dr. Farzana Akter,Dr. Farzana Akter,FEMALE,DOCTOR
469,Dr. Abdullah al mamun,Dr. Abdullah al mamun,MALE,DOCTOR
470,Dr. Khadiga Akter Mita,Dr. Khadiga Akter Mita,FEMALE,DOCTOR
471,Dr. S. M. Mufizur Rahman Sazal,Dr. S. M. Mufizur Rahman Sazal,MALE,DOCTOR
472,Dr. Salman Faruque Bhuiyan,Dr. Salman Faruque Bhuiyan,MALE,DOCTOR
473,Dr. Shuvra Deb,Dr. Shuvra Deb,MALE,DOCTOR
474,Dr. Afroza Akter,Dr. Afroza Akter,FEMALE,DOCTOR
475,Dr. Tania Shobnom,Dr. Tania Shobnom,FEMALE,DOCTOR
476,Dr. F M Shafiqur Rahman,Dr. F M Shafiqur Rahman,MALE,DOCTOR
477,Dr. Sabreena Barkat,Dr. Sabreena Barkat,FEMALE,DOCTOR
478,Dr. Fatema Yeasmin,Dr. Fatema Yeasmin,FEMALE,DOCTOR
479,Dr. Munira Ferdous,Dr. Munira Ferdous,FEMALE,DOCTOR
480,Dr. S M Amanat Ullah,Dr. S M Amanat Ullah,MALE,DOCTOR
481,Dr. Mohammad Istiakur Rahman,Dr. Mohammad Istiakur Rahman,MALE,DOCTOR
482,Dr. A K Mohiuddin Bablu,Dr. A K Mohiuddin Bablu,MALE,DOCTOR
483,Prof. Dr. Afroza Ghani,Prof. Dr. Afroza Ghani,FEMALE,DOCTOR
484,Dr. Md. Sharafat Ali,Dr. Md. Sharafat Ali,MALE,DOCTOR
485,Dr. Proshanta Paul Chowdhury,Dr. Proshanta Paul Chowdhury,MALE,DOCTOR
486,Dr. Md Tajuddin,Dr. Md Tajuddin,MALE,DOCTOR
487,Dr. Rakibul Hasan,Dr. Rakibul Hasan,MALE,DOCTOR
488,Dr. Mohammad Mehedi Hasan,Dr. Mohammad Mehedi Hasan,MALE,DOCTOR
489,Dr. Tamanna Sabrin,Dr. Tamanna Sabrin,FEMALE,DOCTOR
490,Dr. A R Chowdhury,Dr. A R Chowdhury,MALE,DOCTOR
491,Dr. Md. Mesh-ke Alam Jony,Dr. Md. Mesh-ke Alam Jony,MALE,DOCTOR
492,Dr. Md. Moklesur Rahman,Dr. Md. Moklesur Rahman,MALE,DOCTOR
493,Dr. Md. Shams-el- Arefin,Dr. Md. Shams-el- Arefin,MALE,DOCTOR
494,Dr. Mohammad Saiful Amin,Dr. Mohammad Saiful Amin,MALE,DOCTOR
495,Dr. Hanu Kamal,Dr. Hanu Kamal,FEMALE,DOCTOR
496,Asst. Prof. Dr. Md. Mahtabul Hasan,Asst. Prof. Dr. Md. Mahtabul Hasan,MALE,DOCTOR
497,Dr. Sanim Mahbub,Dr. Sanim Mahbub,MALE,DOCTOR
498,Dr. SADIA BINTA NUR,Dr. SADIA BINTA NUR,FEMALE,DOCTOR
499,Dr. Murshida Tuba,Dr. Murshida Tuba,FEMALE,DOCTOR
500,Dr. junayed ul karim khan,Dr. junayed ul karim khan,MALE,DOCTOR
501,Dr. Farhana Nur Somiya,Dr. Farhana Nur Somiya,FEMALE,DOCTOR
502,Dr. Shubhendu Paul,Dr. Shubhendu Paul,MALE,DOCTOR
503,Dr. Mohammad Mahfuzur Rahman Bhuiyan,Dr. Mohammad Mahfuzur Rahman Bhuiyan,MALE,DOCTOR
504,Dr. shamoli aktar,Dr. shamoli aktar,FEMALE,DOCTOR
505,Dr. Tasnuva Mansur,Dr. Tasnuva Mansur,FEMALE,DOCTOR
506,Dr. Sk Mushavvir Alam,Dr. Sk Mushavvir Alam,MALE,DOCTOR
507,Dr. Mouri Roy Chowdhury,Dr. Mouri Roy Chowdhury,FEMALE,DOCTOR
508,Dr. Md. Reaz Uddin,Dr. Md. Reaz Uddin,MALE,DOCTOR
509,Dr. SYED SHAWKAT ALI,Dr. SYED SHAWKAT ALI,MALE,DOCTOR
510,Dr. Afrin Huq,Dr. Afrin Huq,FEMALE,DOCTOR
511,Asst. Prof. Dr. Faisal Ahmed,Asst. Prof. Dr. Faisal Ahmed,MALE,DOCTOR
512,Dr. Saiful Islam Faisal,Dr. Saiful Islam Faisal,MALE,DOCTOR
513,Dr. Imtiaj Nayeem,Dr. Imtiaj Nayeem,MALE,DOCTOR
514,Dr. Md Redwanul Huq,Dr. Md Redwanul Huq,MALE,DOCTOR
515,Dr. Md. Azam Iqbal Khan,Dr. Md. Azam Iqbal Khan,MALE,DOCTOR
516,Dr. Jarin Musarrat Jahan,Dr. Jarin Musarrat Jahan,FEMALE,DOCTOR
517,Dr. Md. Mahmudul Hasan,Dr. Md. Mahmudul Hasan,MALE,DOCTOR
518,Dr. Sabina sultana,Dr. Sabina sultana,FEMALE,DOCTOR
519,Dr. Abu Sayeed Md Saleh,Dr. Abu Sayeed Md Saleh,MALE,DOCTOR
520,Dr. Muhammad Sultan Mahmud Majumdar,Dr. Muhammad Sultan Mahmud Majumdar,MALE,DOCTOR
521,Dr. Fahmida Sultana,Dr. Fahmida Sultana,FEMALE,DOCTOR
522,Dr. Md. Zahidul Islam,Dr. Md. Zahidul Islam,MALE,DOCTOR
523,Dr. tahani zannat,Dr. tahani zannat,FEMALE,DOCTOR
524,Asst. Prof. Dr. Kazi Saifuddin Bennoor,Asst. Prof. Dr. Kazi Saifuddin Bennoor,MALE,DOCTOR
525,Dr. Humayun Ahmed Nur,Dr. Humayun Ahmed Nur,MALE,DOCTOR
526,Dr. Mohammad Sazzadul Huque,Dr. Mohammad Sazzadul Huque,MALE,DOCTOR
527,Dr. S.M. Nazmul Huda Bappi,Dr. S.M. Nazmul Huda Bappi,MALE,DOCTOR
528,Dr. Ihabul Alam,Dr. Ihabul Alam,MALE,DOCTOR
529,Dr. Tahmina Nowrin,Dr. Tahmina Nowrin,FEMALE,DOCTOR
530,Dr. Saiful Islam,Dr. Saiful Islam,MALE,DOCTOR
531,Dr. MD FERDOUSUR RAHMAN,Dr. MD FERDOUSUR RAHMAN,MALE,DOCTOR
532,Dr. Rezowana Afrin,Dr. Rezowana Afrin,FEMALE,DOCTOR
533,Dr. Md. Redwan Ahsanullah,Dr. Md. Redwan Ahsanullah,MALE,DOCTOR
534,Dr. Tanjin Amin,Dr. Tanjin Amin,FEMALE,DOCTOR
535,Dr. Swagota Sen,Dr. Swagota Sen,FEMALE,DOCTOR
536,Tahmina Akter,Tahmina Akter,FEMALE,DOCTOR
537,Dr. Syeda Fatema Alam,Dr. Syeda Fatema Alam,FEMALE,DOCTOR
538,Dr. Shatabdee Biswas,Dr. Shatabdee Biswas,FEMALE,DOCTOR
539,Dr. Nurun Nahar,Dr. Nurun Nahar,FEMALE,DOCTOR
540,Dr. Miskat Aziz,Dr. Miskat Aziz,MALE,DOCTOR
541,Dr. Nishat Ara,Dr. Nishat Ara,FEMALE,DOCTOR
542,Dr. Anwar Hossain Mahadi,Dr. Anwar Hossain Mahadi,MALE,DOCTOR
543,Dr. Md Imran Bahadur,Dr. Md Imran Bahadur,MALE,DOCTOR
544,Asst. Prof. Dr. Towhidul Islam,Asst. Prof. Dr. Towhidul Islam,MALE,DOCTOR
545,Dr. April Fool,Dr. April Fool,FEMALE,DOCTOR
546,Assoc. Prof. Dr. Amrita Lal Halder,Assoc. Prof. Dr. Amrita Lal Halder,FEMALE,DOCTOR
547,Dr. Md Tanvir Latif,Dr. Md Tanvir Latif,MALE,DOCTOR
548,Dr. Md. Shahin Reza,Dr. Md. Shahin Reza,MALE,DOCTOR
549,Dr. Tumpa Dhar,Dr. Tumpa Dhar,FEMALE,DOCTOR
550,Dr. Subrina Ahmed,Dr. Subrina Ahmed,FEMALE,DOCTOR
551,Dr. Md.Siddiqur Rahman,Dr. Md.Siddiqur Rahman,MALE,DOCTOR
552,Dr. MD. Shalek Bin Khalid,Dr. MD. Shalek Bin Khalid,MALE,DOCTOR
553,Dr. Owashak Faysal,Dr. Owashak Faysal,MALE,DOCTOR
554,Dr. Arpita Das,Dr. Arpita Das,FEMALE,DOCTOR
555,Dr. Md. Al-Mahamudul Alam,Dr. Md. Al-Mahamudul Alam,MALE,DOCTOR
556,Dr. Farjana Afrose Remu,Dr. Farjana Afrose Remu,FEMALE,DOCTOR
557,Dr. Sultana sharifa Akter,Dr. Sultana sharifa Akter,FEMALE,DOCTOR
558,Dr. Shabnaj Yeasmin,Dr. Shabnaj Yeasmin,FEMALE,DOCTOR
559,Dr. Ismail Hossain,Dr. Ismail Hossain,MALE,DOCTOR
560,Dr. Rumi Myedull Hossain,Dr. Rumi Myedull Hossain,MALE,DOCTOR
561,Dr. Hasnat Parvez,Dr. Hasnat Parvez,FEMALE,DOCTOR
562,Dr. Mamun Ahmed Bhuiyan,Dr. Mamun Ahmed Bhuiyan,MALE,DOCTOR
563,Dr. Shah Md Kabir Uddin,Dr. Shah Md Kabir Uddin,MALE,DOCTOR
564,Dr. Ashik Mustafa,Dr. Ashik Mustafa,MALE,DOCTOR
565,Dr. C. M. Shamim Kabir,Dr. C. M. Shamim Kabir,MALE,DOCTOR
566,Dr. MD. Zahid Bin Shahadat,Dr. MD. Zahid Bin Shahadat,MALE,DOCTOR
567,Anika Jahin,Anika Jahin,FEMALE,DOCTOR
568,Dr. Faria Tabassum Naznin,Dr. Faria Tabassum Naznin,FEMALE,DOCTOR
569,Dr. Tanzina Tazin,Dr. Tanzina Tazin,FEMALE,DOCTOR
570,Dr. Dr. Jahid Mahmud Akhand,Dr. Dr. Jahid Mahmud Akhand,MALE,DOCTOR
571,Dr. Susmita saha,Dr. Susmita saha,FEMALE,DOCTOR
572,Dr. Sumiya Younus,Dr. Sumiya Younus,FEMALE,DOCTOR
573,Dr. MD. Bilal Chowdhury Taseen,Dr. MD. Bilal Chowdhury Taseen,MALE,DOCTOR
574,Dr. A.T.M Mahadee Hasan,Dr. A.T.M Mahadee Hasan,MALE,DOCTOR
575,Dr. Litan Debnath,Dr. Litan Debnath,MALE,DOCTOR
576,Dr. Sadequl Islam,Dr. Sadequl Islam,MALE,DOCTOR
577,Dr. S. M. Safayet Hossen,Dr. S. M. Safayet Hossen,MALE,DOCTOR
578,Dr. Md Masud Rana,Dr. Md Masud Rana,MALE,DOCTOR
579,Dr. Syeda Farhana Naznin,Dr. Syeda Farhana Naznin,FEMALE,DOCTOR
580,Prof. Dr. five two,Prof. Dr. five two,MALE,DOCTOR
581,Dr. Fatema Tuze Jahan Dola,Dr. Fatema Tuze Jahan Dola,FEMALE,DOCTOR
582,Dr. Shahtina Shams,Dr. Shahtina Shams,FEMALE,DOCTOR
583,Dr. Md. Didar Hossain Bhuiyan,Dr. Md. Didar Hossain Bhuiyan,MALE,DOCTOR
584,Dr. Himadri Shekhar Samadder,Dr. Himadri Shekhar Samadder,MALE,DOCTOR
585,Dr. Wali Ullah Numan,Dr. Wali Ullah Numan,MALE,DOCTOR
586,Dr. Shampa Rani,Dr. Shampa Rani,FEMALE,DOCTOR
587,Dr. Md. Hasanul Islam,Dr. Md. Hasanul Islam,MALE,DOCTOR
588,Dr. Tasnuva Noushin,Dr. Tasnuva Noushin,FEMALE,DOCTOR
589,Dr. Sharmin Hoque,Dr. Sharmin Hoque,FEMALE,DOCTOR
590,Dr. Zahirul Haque,Dr. Zahirul Haque,MALE,DOCTOR
591,Dr. Kowshik Bhowmick,Dr. Kowshik Bhowmick,MALE,DOCTOR
592,Dr. KANIZ ALMA LUBABA,Dr. KANIZ ALMA LUBABA,FEMALE,DOCTOR
593,Dr. Md. Abdullah Al Jubayer,Dr. Md. Abdullah Al Jubayer,MALE,DOCTOR
594,Dr. MD.ABU KAHAR SIDDIQUE,Dr. MD.ABU KAHAR SIDDIQUE,MALE,DOCTOR
595,Dr. Masud Rana,Dr. Masud Rana,MALE,DOCTOR
596,Assoc. Prof. Dr. Lima Ghosh,Assoc. Prof. Dr. Lima Ghosh,FEMALE,DOCTOR
597,Dr. Saikatul Jannat,Dr. Saikatul Jannat,FEMALE,DOCTOR
598,Dr. Mohammad Enamul Hoque,Dr. Mohammad Enamul Hoque,MALE,DOCTOR
599,Dr. Ahmad Hussain Khan,Dr. Ahmad Hussain Khan,MALE,DOCTOR
600,Dr. Avi Paul,Dr. Avi Paul,MALE,DOCTOR
601,Dr. Jannatul Ferdous,Dr. Jannatul Ferdous,FEMALE,DOCTOR
602,Dr. Junaeid Hasan Zamman,Dr. Junaeid Hasan Zamman,MALE,DOCTOR
603,Dr. Nusrat Jahan,Dr. Nusrat Jahan,FEMALE,DOCTOR
604,Dr. Nafiur Rahman,Dr. Nafiur Rahman,MALE,DOCTOR
605,Dr. Tarek Hasan,Dr. Tarek Hasan,MALE,DOCTOR
606,Dr. Ahamad Shafi,Dr. Ahamad Shafi,MALE,DOCTOR
607,Dr. Mst.Nahida Aktar,Dr. Mst.Nahida Aktar,FEMALE,DOCTOR
608,Dr. Tanzila Amrin,Dr. Tanzila Amrin,FEMALE,DOCTOR
609,Dr. Lopa Roy,Dr. Lopa Roy,FEMALE,DOCTOR
610,Dr. Sumaiya Tasnia khan,Dr. Sumaiya Tasnia khan,FEMALE,DOCTOR
611,Dr. Goutam Das,Dr. Goutam Das,MALE,DOCTOR
612,Dr. Akhiruzzaman Rakib,Dr. Akhiruzzaman Rakib,MALE,DOCTOR
613,Assoc. Prof. Dr. Apt Doc,Assoc. Prof. Dr. Apt Doc,MALE,DOCTOR
614,Dr. Rafeea Nuhas,Dr. Rafeea Nuhas,FEMALE,DOCTOR
615,Dr. Taslima Akhi,Dr. Taslima Akhi,FEMALE,DOCTOR
616,Dr. Shafiul Quadry,Dr. Shafiul Quadry,MALE,DOCTOR
617,Dr. Faria Afroz,Dr. Faria Afroz,FEMALE,DOCTOR
618,Dr. MD MIZANUR RAHMAN,Dr. MD MIZANUR RAHMAN,MALE,DOCTOR
619,Dr. Mahfuz Hasan Khan,Dr. Mahfuz Hasan Khan,MALE,DOCTOR
620,Assoc. Prof. Dr. Khandker Parvez Ahmad,Assoc. Prof. Dr. Khandker Parvez Ahmad,MALE,DOCTOR
621,Dr. Raihana Musawwir,Dr. Raihana Musawwir,FEMALE,DOCTOR
622,Asst. Prof. Dr. Sukanta Chandra Das,Asst. Prof. Dr. Sukanta Chandra Das,MALE,DOCTOR
623,Dr. Mehedi Hasan,Dr. Mehedi Hasan,MALE,DOCTOR
624,Dr. Jane Alam Faisal,Dr. Jane Alam Faisal,MALE,DOCTOR
625,Dr. A K M Shahriar,Dr. A K M Shahriar,MALE,DOCTOR
626,Dr. Farid Hossain Chowdhury,Dr. Farid Hossain Chowdhury,MALE,DOCTOR
627,Dr. Ikra Itu,Dr. Ikra Itu,FEMALE,DOCTOR
628,Dr. Md. Abdul Ahad,Dr. Md. Abdul Ahad,MALE,DOCTOR
629,Dr. Nafiul Iqbal Probash,Dr. Nafiul Iqbal Probash,MALE,DOCTOR
630,Dr. Ashika Siddiquea Urshi,Dr. Ashika Siddiquea Urshi,FEMALE,DOCTOR
631,Dr. Abu Ahmed Tanvir,Dr. Abu Ahmed Tanvir,MALE,DOCTOR
632,Dr. Mohammad Hasan,Dr. Mohammad Hasan,MALE,DOCTOR
633,Asst. Prof. Dr. Md Sirajul Islam,Asst. Prof. Dr. Md Sirajul Islam,MALE,DOCTOR
634,Dr. Habibur Rahaman,Dr. Habibur Rahaman,MALE,DOCTOR
635,Dr. Md. Mahmudul Hasan,Dr. Md. Mahmudul Hasan,MALE,DOCTOR
636,Assoc. Prof. Dr. Abu Yousuf Md Shahidul Alam,Assoc. Prof. Dr. Abu Yousuf Md Shahidul Alam,MALE,DOCTOR
637,Dr. Nayan Kanti Nath,Dr. Nayan Kanti Nath,MALE,DOCTOR
638,Dr. Tridib Kumar Das,Dr. Tridib Kumar Das,MALE,DOCTOR
639,Dr. Md. Fahim Moon,Dr. Md. Fahim Moon,MALE,DOCTOR
640,Dr. Afsana Poppy,Dr. Afsana Poppy,FEMALE,DOCTOR
641,Dr. monika afrin,Dr. monika afrin,FEMALE,DOCTOR
642,Dr. Tanzina Ahmed,Dr. Tanzina Ahmed,FEMALE,DOCTOR
643,Dr. Muhammad Chanchal Azad,Dr. Muhammad Chanchal Azad,MALE,DOCTOR
644,Dr. Joydip Bhattacharjee,Dr. Joydip Bhattacharjee,MALE,DOCTOR
645,Dr. Emon Kanti Moharer,Dr. Emon Kanti Moharer,MALE,DOCTOR
646,Dr. Muhammad Waliullah,Dr. Muhammad Waliullah,MALE,DOCTOR
647,Dr. B M Saiduzzaman Sujon,Dr. B M Saiduzzaman Sujon,MALE,DOCTOR
648,Dr. Mehjuba Mushrat,Dr. Mehjuba Mushrat,FEMALE,DOCTOR
649,Dr. Alif Dina Asrafe,Dr. Alif Dina Asrafe,FEMALE,DOCTOR
650,Dr. Hasan Al Banna,Dr. Hasan Al Banna,MALE,DOCTOR
651,Dr. Happy Heya,Dr. Happy Heya,FEMALE,DOCTOR
652,Dr. Farjan Mahmud,Dr. Farjan Mahmud,MALE,DOCTOR
653,Dr. Faysal Rana,Dr. Faysal Rana,MALE,DOCTOR
654,Dr. Mohammed Nasir Uddin,Dr. Mohammed Nasir Uddin,MALE,DOCTOR
655,Dr. MD.SHAHZALAL UDDIN,Dr. MD.SHAHZALAL UDDIN,MALE,DOCTOR
656,Dr. Abdullah Al Noman,Dr. Abdullah Al Noman,MALE,DOCTOR
657,Dr. Md Nazib kaikobad,Dr. Md Nazib kaikobad,MALE,DOCTOR
658,Dr. A B M Safiqur Rahman,Dr. A B M Safiqur Rahman,MALE,DOCTOR
659,Dr. Rubaiat Sharmin,Dr. Rubaiat Sharmin,FEMALE,DOCTOR
660,Dr. Jannatul Mastura,Dr. Jannatul Mastura,FEMALE,DOCTOR
661,Dr. MD.ASHIQUE UL ISLAM SOURAV,Dr. MD.ASHIQUE UL ISLAM SOURAV,MALE,DOCTOR
662,Dr. Samsad Begum,Dr. Samsad Begum,FEMALE,DOCTOR
663,Dr. Chowdhury Md. Niazuzzaman,Dr. Chowdhury Md. Niazuzzaman,MALE,DOCTOR
664,Dr. Rashedul Alam,Dr. Rashedul Alam,MALE,DOCTOR
665,Dr. Miskat uddin Ahmed,Dr. Miskat uddin Ahmed,MALE,DOCTOR
666,Dr. Md Moniruzzaman,Dr. Md Moniruzzaman,MALE,DOCTOR
667,Dr. ABDULLAH AL MAMUN,Dr. ABDULLAH AL MAMUN,MALE,DOCTOR
668,Dr. Swapan Kumar Roy,Dr. Swapan Kumar Roy,MALE,DOCTOR
669,Dr. S M NAZMUL ALAM,Dr. S M NAZMUL ALAM,MALE,DOCTOR
670,Dr. Salman Samad,Dr. Salman Samad,MALE,DOCTOR
671,Dr. Shamim Ferdous Khan,Dr. Shamim Ferdous Khan,FEMALE,DOCTOR
672,Dr. Mubin Ahmed,Dr. Mubin Ahmed,MALE,DOCTOR
673,Dr. Tanzina Chowdhury,Dr. Tanzina Chowdhury,FEMALE,DOCTOR
674,Dr. A. Q. M. Munzurul Hassan,Dr. A. Q. M. Munzurul Hassan,MALE,DOCTOR
675,Dr. Mazharul Islam,Dr. Mazharul Islam,MALE,DOCTOR
676,Dr. Sayeef Hossain Khan,Dr. Sayeef Hossain Khan,MALE,DOCTOR
677,Dr. Mohd Sharif Uddin,Dr. Mohd Sharif Uddin,MALE,DOCTOR
678,Assoc. Prof. Dr. Rezaul Malik,Assoc. Prof. Dr. Rezaul Malik,MALE,DOCTOR
679,Dr. Sunsila Jabrin,Dr. Sunsila Jabrin,FEMALE,DOCTOR
680,Dr. Md Saddam Hossain,Dr. Md Saddam Hossain,MALE,DOCTOR
681,Assoc. Prof. Dr. Tofayel Uddin Ahmed,Assoc. Prof. Dr. Tofayel Uddin Ahmed,MALE,DOCTOR
682,Dr. Sabnoor Jahan Nishy,Dr. Sabnoor Jahan Nishy,FEMALE,DOCTOR
683,Dr. Mahmudur Rahman,Dr. Mahmudur Rahman,MALE,DOCTOR
684,Dr. ABDUL MANNAN,Dr. ABDUL MANNAN,MALE,DOCTOR
685,Asst. Prof. Dr. Faruk Ahmad,Asst. Prof. Dr. Faruk Ahmad,MALE,DOCTOR
686,Dr. Rishat Afrin,Dr. Rishat Afrin,FEMALE,DOCTOR
687,Dr. Rifat Mahmud,Dr. Rifat Mahmud,MALE,DOCTOR
688,Dr. Fatima Zahir Puspa,Dr. Fatima Zahir Puspa,FEMALE,DOCTOR
689,Dr. Tanvir Shanewaz,Dr. Tanvir Shanewaz,MALE,DOCTOR
690,Dr. Merina Tanzil,Dr. Merina Tanzil,FEMALE,DOCTOR
691,Dr. Swasti Chakraborty,Dr. Swasti Chakraborty,FEMALE,DOCTOR
692,Dr. Mohammad Shah Reer Reza,Dr. Mohammad Shah Reer Reza,MALE,DOCTOR
693,Assoc. Prof. Dr. Md. Mozharul Islam,Assoc. Prof. Dr. Md. Mozharul Islam,MALE,DOCTOR
694,Dr. Dipanjan Dhar,Dr. Dipanjan Dhar,MALE,DOCTOR
695,Dr. Haimanti Shukla Barman,Dr. Haimanti Shukla Barman,FEMALE,DOCTOR
696,Dr. Adnin Nahar,Dr. Adnin Nahar,FEMALE,DOCTOR
697,Dr. Raihan Shykh,Dr. Raihan Shykh,MALE,DOCTOR
698,Dr. Nayem Md. Ashir Faisal,Dr. Nayem Md. Ashir Faisal,MALE,DOCTOR
699,Dr. Md Sholaiman Shakil,Dr. Md Sholaiman Shakil,MALE,DOCTOR
700,Dr. Bishojit Mondal,Dr. Bishojit Mondal,MALE,DOCTOR
701,Dr. Fatema Akter Sima,Dr. Fatema Akter Sima,FEMALE,DOCTOR
702,Dr. Saifuddin Ahmed,Dr. Saifuddin Ahmed,MALE,DOCTOR
703,Dr. Md. Asifur Rahman Prince,Dr. Md. Asifur Rahman Prince,MALE,DOCTOR
704,Dr. Aminul Islam Bonny,Dr. Aminul Islam Bonny,MALE,DOCTOR
705,Dr. Enamul Haque Imon,Dr. Enamul Haque Imon,MALE,DOCTOR
706,Dr. Nafisa Nur,Dr. Nafisa Nur,FEMALE,DOCTOR
707,Dr. Nazmul Ahsun,Dr. Nazmul Ahsun,MALE,DOCTOR
708,Dr. Sheikh Asaduzzaman,Dr. Sheikh Asaduzzaman,MALE,DOCTOR
709,Dr. Md. Ashraf-Ul Alam Chowdhury,Dr. Md. Ashraf-Ul Alam Chowdhury,MALE,DOCTOR
710,Dr. Aiyisha Nusrat Jahan Modhumonty,Dr. Aiyisha Nusrat Jahan Modhumonty,FEMALE,DOCTOR
711,Dr. Tanvir Islam,Dr. Tanvir Islam,MALE,DOCTOR
712,Dr. Mohammad Wahidul Alam,Dr. Mohammad Wahidul Alam,MALE,DOCTOR
713,Dr. Umma Hafiza Nira,Dr. Umma Hafiza Nira,FEMALE,DOCTOR
714,Dr. Asif Abdullah,Dr. Asif Abdullah,MALE,DOCTOR
715,Dr. Nazmul Hasan,Dr. Nazmul Hasan,MALE,DOCTOR
716,Dr. Md. Kamruzzaman Chowdhury,Dr. Md. Kamruzzaman Chowdhury,MALE,DOCTOR
717,Dr. Rifat Arefin Shawon,Dr. Rifat Arefin Shawon,MALE,DOCTOR
718,Dr. SULTAN SHOEB AHMED,Dr. SULTAN SHOEB AHMED,MALE,DOCTOR
719,Dr. Ali Newaj Chowdhury Jishan,Dr. Ali Newaj Chowdhury Jishan,MALE,DOCTOR
720,Asst. Prof. Dr. Nusrat Tasnim,Asst. Prof. Dr. Nusrat Tasnim,FEMALE,DOCTOR
721,Dr. Biswajit Roy Chowdhury,Dr. Biswajit Roy Chowdhury,MALE,DOCTOR
722,Dr. Khadiza Tasnim,Dr. Khadiza Tasnim,FEMALE,DOCTOR
723,Dr. Md. Mainul Al Hasan,Dr. Md. Mainul Al Hasan,MALE,DOCTOR
724,Dr. Atashi Irtiza,Dr. Atashi Irtiza,FEMALE,DOCTOR
725,Dr. Khondoker Mamun Ur Rashid,Dr. Khondoker Mamun Ur Rashid,MALE,DOCTOR
726,Dr. Mashrur Ahmed,Dr. Mashrur Ahmed,MALE,DOCTOR
727,Dr. Md. Faisal Khandaker,Dr. Md. Faisal Khandaker,MALE,DOCTOR
728,Dr. Mohammad  Arafat Rahman,Dr. Mohammad  Arafat Rahman,MALE,DOCTOR
729,Dr. MD.SHADMAN BIN SHAHID,Dr. MD.SHADMAN BIN SHAHID,MALE,DOCTOR
730,Dr. Hafsa Anika,Dr. Hafsa Anika,FEMALE,DOCTOR
731,Dr. Humayara Tabassum,Dr. Humayara Tabassum,FEMALE,DOCTOR
732,Dr. Pritom Karmakar,Dr. Pritom Karmakar,MALE,DOCTOR
733,Dr. MOHAMMED MINHAZ NASIR,Dr. MOHAMMED MINHAZ NASIR,MALE,DOCTOR
734,Dr. Abhijit Sannamat,Dr. Abhijit Sannamat,MALE,DOCTOR
735,Dr. Ifaz Hossain Chowdhury,Dr. Ifaz Hossain Chowdhury,MALE,DOCTOR
736,Dr. Md. Tipu Sultan,Dr. Md. Tipu Sultan,MALE,DOCTOR
737,Dr. Faruq Ahmed Rezwan,Dr. Faruq Ahmed Rezwan,MALE,DOCTOR
738,Dr. Simanta Roy,Dr. Simanta Roy,MALE,DOCTOR
739,Dr. Rashedul Karim,Dr. Rashedul Karim,MALE,DOCTOR
740,Dr. Faraz Al Zafar,Dr. Faraz Al Zafar,MALE,DOCTOR
741,Dr. Anika Tabassum Ummika,Dr. Anika Tabassum Ummika,FEMALE,DOCTOR
742,Dr. B M Asaduzzaman Noor,Dr. B M Asaduzzaman Noor,MALE,DOCTOR
743,Dr. Avick Halder,Dr. Avick Halder,MALE,DOCTOR
744,Dr. Mohammed Golam Hossain,Dr. Mohammed Golam Hossain,MALE,DOCTOR
745,Dr. Vaskar Debnath,Dr. Vaskar Debnath,MALE,DOCTOR
746,Dr. Samin Yaser Akash,Dr. Samin Yaser Akash,MALE,DOCTOR
747,Dr. Mohammad Tanvir Rahman,Dr. Mohammad Tanvir Rahman,MALE,DOCTOR
748,Dr. Arnab Das,Dr. Arnab Das,MALE,DOCTOR
749,Dr. Masuma Jahan,Dr. Masuma Jahan,FEMALE,DOCTOR
750,Dr. MIZANUR RAHMAN,Dr. MIZANUR RAHMAN,MALE,DOCTOR
751,Dr. Upal Chowdhury,Dr. Upal Chowdhury,MALE,DOCTOR
752,Dr. Khandakar Rashed Ahmed,Dr. Khandakar Rashed Ahmed,MALE,DOCTOR
753,Dr. Md Noor Alam Sagar,Dr. Md Noor Alam Sagar,MALE,DOCTOR
754,Dr. Milon Roy,Dr. Milon Roy,MALE,DOCTOR
755,Dr. Ruhul Amin Khan,Dr. Ruhul Amin Khan,MALE,DOCTOR
756,Ismat Zerin,Ismat Zerin,FEMALE,DOCTOR
757,Dr. Md Mustaqimul Abrar Choudhury,Dr. Md Mustaqimul Abrar Choudhury,MALE,DOCTOR
758,Dr. Md. Naim Uddin,Dr. Md. Naim Uddin,MALE,DOCTOR
759,Dr. Hasib Ahmed,Dr. Hasib Ahmed,MALE,DOCTOR
760,Dr. Mehedi Hassan,Dr. Mehedi Hassan,MALE,DOCTOR
761,Dr. Taraque Aziz Sagar,Dr. Taraque Aziz Sagar,MALE,DOCTOR
762,Dr. Ismaia Sultana,Dr. Ismaia Sultana,FEMALE,DOCTOR
763,Dr. Sanuar Hossain,Dr. Sanuar Hossain,MALE,DOCTOR
764,Dr. Saidur Rahman,Dr. Saidur Rahman,MALE,DOCTOR
765,Dr. Fouzia YEASMIN Trishna,Dr. Fouzia YEASMIN Trishna,FEMALE,DOCTOR
766,Dr. Muhammad Nayyem Sarker,Dr. Muhammad Nayyem Sarker,MALE,DOCTOR
767,Dr. Jitaditya Roy,Dr. Jitaditya Roy,MALE,DOCTOR
768,Dr. Shakil Ahmed,Dr. Shakil Ahmed,MALE,DOCTOR
769,Assoc. Prof. Dr. Md. Mahfuzul Haque Sarkar,Assoc. Prof. Dr. Md. Mahfuzul Haque Sarkar,MALE,DOCTOR
770,Dr. Md. Ehsanul Kabir,Dr. Md. Ehsanul Kabir,MALE,DOCTOR
771,Dr. Sumaiya Ahmed,Dr. Sumaiya Ahmed,FEMALE,DOCTOR
772,Dr. Sanjida Rezwana,Dr. Sanjida Rezwana,FEMALE,DOCTOR
773,Assoc. Prof. Dr. Sajida Sultana,Assoc. Prof. Dr. Sajida Sultana,FEMALE,DOCTOR
774,Dr. Abdus Sabur Talukder,Dr. Abdus Sabur Talukder,MALE,DOCTOR
775,Dr. Md. Asif Jamil Pritom,Dr. Md. Asif Jamil Pritom,MALE,DOCTOR
776,Dr. Saad Karim,Dr. Saad Karim,MALE,DOCTOR
777,Dr. Rajib Dutta,Dr. Rajib Dutta,MALE,DOCTOR
778,Dr. Md. Fourkan Uddin,Dr. Md. Fourkan Uddin,MALE,DOCTOR
779,Dr. Rezwana Laboni,Dr. Rezwana Laboni,FEMALE,DOCTOR
780,Dr. Abdullah Al Mahmud,Dr. Abdullah Al Mahmud,MALE,DOCTOR
781,Dr. R Roy,Dr. R Roy,MALE,DOCTOR
782,Dr. Mohammad Sazzadul Alam,Dr. Mohammad Sazzadul Alam,MALE,DOCTOR
783,Dr. Ali Zaman,Dr. Ali Zaman,MALE,DOCTOR
784,Dr. Sifatullah Naeem Noori,Dr. Sifatullah Naeem Noori,MALE,DOCTOR
785,Dr. Aziz Al Maksud,Dr. Aziz Al Maksud,MALE,DOCTOR
786,Dr. Junaid Ahmed,Dr. Junaid Ahmed,MALE,DOCTOR
787,Asst. Prof. Dr. Kazi Md. Hannanur Rahman Jewel,Asst. Prof. Dr. Kazi Md. Hannanur Rahman Jewel,MALE,DOCTOR
788,Dr. Md.Shoyeb Khan,Dr. Md.Shoyeb Khan,MALE,DOCTOR
789,Dr. Asma Akhter,Dr. Asma Akhter,FEMALE,DOCTOR
790,Dr. Selina Akter,Dr. Selina Akter,FEMALE,DOCTOR
791,Dr. Shadab Saud Sunny,Dr. Shadab Saud Sunny,MALE,DOCTOR
792,Dr. Farhana Haque Happy,Dr. Farhana Haque Happy,FEMALE,DOCTOR
793,Dr. Asif Mohammed,Dr. Asif Mohammed,MALE,DOCTOR
794,Dr. Istiak Bin Hafiz,Dr. Istiak Bin Hafiz,MALE,DOCTOR
795,Dr. Iqbal Hasan,Dr. Iqbal Hasan,MALE,DOCTOR
796,Assoc. Prof. Dr. MD MIZANUR RAHMAN,Assoc. Prof. Dr. MD MIZANUR RAHMAN,MALE,DOCTOR
797,Dr. Imran Hafiz,Dr. Imran Hafiz,MALE,DOCTOR
798,Dr. Test Blast,Dr. Test Blast,MALE,DOCTOR
799,Dr. Shaharior Mohammed,Dr. Shaharior Mohammed,MALE,DOCTOR
800,Dr. Forkan Ahmad Zubair,Dr. Forkan Ahmad Zubair,MALE,DOCTOR
801,Dr. Saadiq Ahmed,Dr. Saadiq Ahmed,MALE,DOCTOR
802,Dr. Tamal Kumer Das,Dr. Tamal Kumer Das,MALE,DOCTOR
803,Dr. Shahinoor Rahman Dulal,Dr. Shahinoor Rahman Dulal,MALE,DOCTOR
804,Dr. Md. Rabbikul Islam,Dr. Md. Rabbikul Islam,MALE,DOCTOR
805,Dr. Mominul Haider,Dr. Mominul Haider,MALE,DOCTOR
806,Dr. Sahidur Rahman,Dr. Sahidur Rahman,MALE,DOCTOR
807,Dr. Fahmida Naznine,Dr. Fahmida Naznine,FEMALE,DOCTOR
808,Dr. Reza Hasan Tokey,Dr. Reza Hasan Tokey,MALE,DOCTOR
809,Dr. Fatima Jahan,Dr. Fatima Jahan,FEMALE,DOCTOR
810,Dr. Golam Mahade Hasan,Dr. Golam Mahade Hasan,MALE,DOCTOR
811,Dr. Nabila Aysha Mahzabin,Dr. Nabila Aysha Mahzabin,FEMALE,DOCTOR
812,Dr. Habibullah-al- manik,Dr. Habibullah-al- manik,MALE,DOCTOR
813,Dr. Songhomitra Ghosh,Dr. Songhomitra Ghosh,FEMALE,DOCTOR
814,Dr. Shaifa Lubna Mili,Dr. Shaifa Lubna Mili,FEMALE,DOCTOR
815,Dr. Miah Mohammad Faridul Hasan,Dr. Miah Mohammad Faridul Hasan,MALE,DOCTOR
816,Dr. J M Amzad Hossain Chowdhury,Dr. J M Amzad Hossain Chowdhury,MALE,DOCTOR
817,Dr. Sabbir Ahmed,Dr. Sabbir Ahmed,MALE,DOCTOR
818,Dr. Shahriar Kabir,Dr. Shahriar Kabir,MALE,DOCTOR
819,Dr. Md. Asmaul Hossain Khan,Dr. Md. Asmaul Hossain Khan,MALE,DOCTOR
820,Dr. SM RAKIBUL Azad,Dr. SM RAKIBUL Azad,MALE,DOCTOR
821,Dr. Md.Shahidul Islam,Dr. Md.Shahidul Islam,MALE,DOCTOR
822,Dr. Md Zawadul Islam Johny,Dr. Md Zawadul Islam Johny,MALE,DOCTOR
823,Dr. Test Mate,Dr. Test Mate,MALE,DOCTOR
824,Dr. Md Hasan Ali,Dr. Md Hasan Ali,MALE,DOCTOR
825,Dr. Nagib Ul Galib,Dr. Nagib Ul Galib,MALE,DOCTOR
826,Linda Sultana,Linda Sultana,FEMALE,DOCTOR
827,Mahmuda Akter Sathi,Mahmuda Akter Sathi,FEMALE,DOCTOR
828,Moobashshira Zaman Cynthia,Moobashshira Zaman Cynthia,FEMALE,DOCTOR
829,Asma Ara,Asma Ara,FEMALE,DOCTOR
830,Dr. Shirajum Munira,Dr. Shirajum Munira,FEMALE,DOCTOR
831,Dr. Md. Ashraful Alam,Dr. Md. Ashraful Alam,MALE,DOCTOR
832,Dr. Joysree Karmaker,Dr. Joysree Karmaker,FEMALE,DOCTOR
833,Dr. Satil Ashman,Dr. Satil Ashman,MALE,DOCTOR
834,Dr. Banaful Roy,Dr. Banaful Roy,MALE,DOCTOR
835,Dr. Marzia Rahman,Dr. Marzia Rahman,FEMALE,DOCTOR
836,Dr. Sumaiya Rahman Soily,Dr. Sumaiya Rahman Soily,FEMALE,DOCTOR
837,Dr. Md.Moslah Uddin,Dr. Md.Moslah Uddin,MALE,DOCTOR
838,Dr. Rawnak Jahan,Dr. Rawnak Jahan,FEMALE,DOCTOR
839,Dr. Asfak Hossain Sweet,Dr. Asfak Hossain Sweet,MALE,DOCTOR
840,Dr. Mohammad Saddam Hossain,Dr. Mohammad Saddam Hossain,MALE,DOCTOR
841,Dr. Maharun Nahar Mehie,Dr. Maharun Nahar Mehie,FEMALE,DOCTOR
842,Dr. Farzin Chowdhury,Dr. Farzin Chowdhury,FEMALE,DOCTOR
843,Dr. Faria Razzaque Shejuty,Dr. Faria Razzaque Shejuty,FEMALE,DOCTOR
844,Dr. A. H. M. Sufian,Dr. A. H. M. Sufian,MALE,DOCTOR
845,Dr. Mahia Islam,Dr. Mahia Islam,FEMALE,DOCTOR
846,Dr. Faridul Islam,Dr. Faridul Islam,MALE,DOCTOR
847,Dr. Test General doctor Live,Dr. Test General doctor Live,FEMALE,DOCTOR
848,Dr. Mohammad Abu Hussain,Dr. Mohammad Abu Hussain,FEMALE,DOCTOR
849,Dr. Saifuzzaman Saikat,Dr. Saifuzzaman Saikat,MALE,DOCTOR
850,Dr. Israt Jahan Tonny,Dr. Israt Jahan Tonny,FEMALE,DOCTOR
851,Dr. Prabal Barua,Dr. Prabal Barua,MALE,DOCTOR
852,Dr. NASER MD KAMRUL HASAN,Dr. NASER MD KAMRUL HASAN,MALE,DOCTOR
853,Dr. Nawrin Ahmed Dristy,Dr. Nawrin Ahmed Dristy,FEMALE,DOCTOR
854,Dr. Nausheen Jahan Khan,Dr. Nausheen Jahan Khan,FEMALE,DOCTOR
855,Dr. Tasmia Tarannum,Dr. Tasmia Tarannum,FEMALE,DOCTOR
856,Dr. SARWAR HUSSAIN RUMEL,Dr. SARWAR HUSSAIN RUMEL,MALE,DOCTOR
857,Dr. Mostak Ahmed,Dr. Mostak Ahmed,MALE,DOCTOR
858,Dr. Suman Chandra Das,Dr. Suman Chandra Das,MALE,DOCTOR
859,Dr. Farah Tahsin,Dr. Farah Tahsin,FEMALE,DOCTOR
860,Dr. Farjana Sultana,Dr. Farjana Sultana,FEMALE,DOCTOR
861,Assoc. Prof. Dr. Rezwanur Rahman,Assoc. Prof. Dr. Rezwanur Rahman,FEMALE,DOCTOR
862,Dr. Mashkura Akter Ponni,Dr. Mashkura Akter Ponni,FEMALE,DOCTOR
863,Dr. MD. Osman Hossain Zabir,Dr. MD. Osman Hossain Zabir,MALE,DOCTOR
864,Dr. MD. Shamsul Kabir,Dr. MD. Shamsul Kabir,MALE,DOCTOR
865,Dr. Syed Sunny Uz Zaman,Dr. Syed Sunny Uz Zaman,MALE,DOCTOR
866,Dr. Basmah Murtahin Jasir,Dr. Basmah Murtahin Jasir,FEMALE,DOCTOR
867,Dr. Farhana Akter,Dr. Farhana Akter,FEMALE,DOCTOR
868,Dr. Md Raju Hossain,Dr. Md Raju Hossain,MALE,DOCTOR
869,Dr. Fatema Akbar,Dr. Fatema Akbar,FEMALE,DOCTOR
870,Sazzad Chowdhury,Sazzad Chowdhury,MALE,DOCTOR
871,Rahnuma -E- Jannat,Rahnuma -E- Jannat,FEMALE,DOCTOR
872,Masuda Afrin,Masuda Afrin,FEMALE,DOCTOR
873,Dr. Rubaiya Khan,Dr. Rubaiya Khan,FEMALE,DOCTOR
874,Dr. Moinul Hasan,Dr. Moinul Hasan,MALE,DOCTOR
875,Dr. Chowdhury Samir Shawkat,Dr. Chowdhury Samir Shawkat,MALE,DOCTOR
876,Dr. Tafsir Alam,Dr. Tafsir Alam,FEMALE,DOCTOR
877,Dr. Afsana Zahan Bristy,Dr. Afsana Zahan Bristy,FEMALE,DOCTOR
878,Dr. Rizwan Ahmed Chowdhury,Dr. Rizwan Ahmed Chowdhury,MALE,DOCTOR
879,Dr. Nahid Nazneen,Dr. Nahid Nazneen,FEMALE,DOCTOR
880,Asst. Prof. Dr. Md.Jayedul Islam,Asst. Prof. Dr. Md.Jayedul Islam,MALE,DOCTOR
881,Dr. Mahedy Abu Talha,Dr. Mahedy Abu Talha,MALE,DOCTOR
882,Dr. Rijwan Limon,Dr. Rijwan Limon,MALE,DOCTOR
883,Dr. Md Nasim Haider,Dr. Md Nasim Haider,MALE,DOCTOR
884,Dr. JAHANGIR HUSHEN MASUM,Dr. JAHANGIR HUSHEN MASUM,MALE,DOCTOR
885,Dr. Md.Saddam Hossain,Dr. Md.Saddam Hossain,MALE,DOCTOR
886,Dr. Avijit Mridha,Dr. Avijit Mridha,MALE,DOCTOR
887,Dr. Tamanna Sultana,Dr. Tamanna Sultana,FEMALE,DOCTOR
888,Dr. Tareq Mahmud,Dr. Tareq Mahmud,MALE,DOCTOR
889,Asst. Prof. Dr. Monwar Mahmud Bhuiya Pulok,Asst. Prof. Dr. Monwar Mahmud Bhuiya Pulok,FEMALE,DOCTOR
890,Dr. A. K .M. Ashraful Haque,Dr. A. K .M. Ashraful Haque,MALE,DOCTOR
891,Asst. Prof. Dr. Redwana Hossain,Asst. Prof. Dr. Redwana Hossain,FEMALE,DOCTOR
892,Dr. Mustanshirah Lubna,Dr. Mustanshirah Lubna,FEMALE,DOCTOR
893,Dr. Md. Shariful Islam,Dr. Md. Shariful Islam,MALE,DOCTOR
894,Dr. Md Asaduzzaman Shimul,Dr. Md Asaduzzaman Shimul,MALE,DOCTOR
895,Dr. H. M Jannatul Rasel,Dr. H. M Jannatul Rasel,MALE,DOCTOR
896,Dr. Abul Kashem,Dr. Abul Kashem,MALE,DOCTOR
897,Dr. Noor-E-Nasrin Mitu,Dr. Noor-E-Nasrin Mitu,FEMALE,DOCTOR
898,Dr. Hazera Sikder Ritu,Dr. Hazera Sikder Ritu,FEMALE,DOCTOR
899,Prof. Dr. Tests DTs,Prof. Dr. Tests DTs,MALE,DOCTOR
900,Dr. Abdullah Al Amin,Dr. Abdullah Al Amin,MALE,DOCTOR
901,Dr. Telawat Sultana,Dr. Telawat Sultana,FEMALE,DOCTOR
902,Dr. Md. Rafiqul Islam,Dr. Md. Rafiqul Islam,MALE,DOCTOR
903,Dr. Rokunuzzaman Pavel,Dr. Rokunuzzaman Pavel,MALE,DOCTOR
904,Dr. Arman Arafin,Dr. Arman Arafin,MALE,DOCTOR
905,Dr. Nicole Sumaya Mostakim Piu,Dr. Nicole Sumaya Mostakim Piu,FEMALE,DOCTOR
906,Jayoti Mukherjee,Jayoti Mukherjee,FEMALE,DOCTOR
907,Dr. Md.Mouabya Hasan,Dr. Md.Mouabya Hasan,MALE,DOCTOR
908,Dr. Khadiga Khanam,Dr. Khadiga Khanam,FEMALE,DOCTOR
909,Dr. Md.Zamiul Haque,Dr. Md.Zamiul Haque,MALE,DOCTOR
910,Dr. Raihan Ali,Dr. Raihan Ali,MALE,DOCTOR
911,Dr. Mosammot Saima Sadia,Dr. Mosammot Saima Sadia,FEMALE,DOCTOR
912,Dr. Nusrat Razia,Dr. Nusrat Razia,FEMALE,DOCTOR
913,Dr. Rakibul Hasan Mihaam,Dr. Rakibul Hasan Mihaam,MALE,DOCTOR
914,Dr. Sharmin Akter,Dr. Sharmin Akter,FEMALE,DOCTOR
915,Dr. Tanvir Tamanna Ananna,Dr. Tanvir Tamanna Ananna,FEMALE,DOCTOR
916,Dr. Rafsan Reza,Dr. Rafsan Reza,MALE,DOCTOR
917,Dr. Ruby Das,Dr. Ruby Das,FEMALE,DOCTOR
918,Dr. Kafil Uddin,Dr. Kafil Uddin,MALE,DOCTOR
919,Dr. Samina Ferdous,Dr. Samina Ferdous,FEMALE,DOCTOR
920,Dr. Ashik Md Raihan Chowdhury,Dr. Ashik Md Raihan Chowdhury,MALE,DOCTOR
921,Dr. Ahsan Abdullah,Dr. Ahsan Abdullah,MALE,DOCTOR
922,Dr. Md. Ashraful Hoque,Dr. Md. Ashraful Hoque,MALE,DOCTOR
923,Dr. Gulshana Akter,Dr. Gulshana Akter,FEMALE,DOCTOR
924,Dr. Taz-Nur Farzana,Dr. Taz-Nur Farzana,FEMALE,DOCTOR
925,Nazmun Nahar Munmun,Nazmun Nahar Munmun,FEMALE,DOCTOR
926,Mohammad Salim Chowdhury,Mohammad Salim Chowdhury,MALE,DOCTOR
927,Dr. Mashfik Hasan,Dr. Mashfik Hasan,MALE,DOCTOR
928,Dr. Salman Mahmud,Dr. Salman Mahmud,MALE,DOCTOR
929,Dr. Farhana Binte Islam Mou,Dr. Farhana Binte Islam Mou,FEMALE,DOCTOR
930,Dr. Sharmin Reza Lima,Dr. Sharmin Reza Lima,FEMALE,DOCTOR
931,Dr. Mohammad Azmain Iktidar,Dr. Mohammad Azmain Iktidar,MALE,DOCTOR
932,Dr. Mohammed Munshi,Dr. Mohammed Munshi,MALE,DOCTOR
933,Dr. Md. Akheruzzaman,Dr. Md. Akheruzzaman,MALE,DOCTOR
934,Dr. Shahriar Shaky,Dr. Shahriar Shaky,MALE,DOCTOR
935,Dr. Arif Ibna Anwar,Dr. Arif Ibna Anwar,MALE,DOCTOR
936,Dr. Mohammad Shah Alam,Dr. Mohammad Shah Alam,MALE,DOCTOR
937,Dr. Fatema Sultana Pappy,Dr. Fatema Sultana Pappy,FEMALE,DOCTOR
938,Dr. Shahidul Islam Khan,Dr. Shahidul Islam Khan,MALE,DOCTOR
939,Dr. Tahan Al Juhany,Dr. Tahan Al Juhany,MALE,DOCTOR
940,Dr. Navid Anjum,Dr. Navid Anjum,MALE,DOCTOR
941,Dr. Kawsar Ahmed,Dr. Kawsar Ahmed,MALE,DOCTOR
942,Dr. Sumit Mistry,Dr. Sumit Mistry,MALE,DOCTOR
943,Dr. Muhammad Zubayer khan,Dr. Muhammad Zubayer khan,MALE,DOCTOR
944,Dr. Jabir Hasan,Dr. Jabir Hasan,MALE,DOCTOR
945,Dr. Shihabul Islam Khan,Dr. Shihabul Islam Khan,MALE,DOCTOR
946,Dr. Golam moktadir,Dr. Golam moktadir,MALE,DOCTOR
947,Dr. Abu Taiyeb Md Muhibbullah,Dr. Abu Taiyeb Md Muhibbullah,MALE,DOCTOR
948,Navin Rahman,Navin Rahman,FEMALE,DOCTOR
949,Dr. Shohana Maqsud,Dr. Shohana Maqsud,FEMALE,DOCTOR
950,Dr. Mohammad Abdul Baset,Dr. Mohammad Abdul Baset,MALE,DOCTOR
951,Dr. Monzur Hussain Chowdhury,Dr. Monzur Hussain Chowdhury,MALE,DOCTOR
952,Asst. Prof. Dr. Khaled Shahrear,Asst. Prof. Dr. Khaled Shahrear,MALE,DOCTOR
953,Dr. MD RAFAT HASSAN,Dr. MD RAFAT HASSAN,MALE,DOCTOR
954,Dr. Chayan Goswami Antu,Dr. Chayan Goswami Antu,MALE,DOCTOR
955,Asst. Prof. Dr. Q M MARUF MAHBUB ASIF,Asst. Prof. Dr. Q M MARUF MAHBUB ASIF,MALE,DOCTOR
956,Dr. Shubho Roy,Dr. Shubho Roy,MALE,DOCTOR
957,Dr. Mohammed Zahadul Islam Chowdhury,Dr. Mohammed Zahadul Islam Chowdhury,MALE,DOCTOR
958,Dr. Sharmin Akter Tapoti,Dr. Sharmin Akter Tapoti,FEMALE,DOCTOR
959,Dr. Khaza Amirul Islam,Dr. Khaza Amirul Islam,MALE,DOCTOR
960,Dr. Md. Sarwar Zahan,Dr. Md. Sarwar Zahan,MALE,DOCTOR
961,Dr. Abdullah Al Kium,Dr. Abdullah Al Kium,MALE,DOCTOR
962,Dr. Ahmed Ur Rahman Shuvo,Dr. Ahmed Ur Rahman Shuvo,MALE,DOCTOR
963,Dr. Md Obaidur Reza Choudhury,Dr. Md Obaidur Reza Choudhury,MALE,DOCTOR
964,Dr. Nazmul Hassan,Dr. Nazmul Hassan,MALE,DOCTOR
965,Dr. Ashraful Amin,Dr. Ashraful Amin,MALE,DOCTOR
966,Dr. Khyrul Kabir,Dr. Khyrul Kabir,MALE,DOCTOR
967,Dr. Md. Pervej Shake,Dr. Md. Pervej Shake,MALE,DOCTOR
968,Dr. Lokman Hossain,Dr. Lokman Hossain,MALE,DOCTOR
969,Dr. Shaima Sultana,Dr. Shaima Sultana,FEMALE,DOCTOR
970,Dr. Tajkiatul Islam Mohua,Dr. Tajkiatul Islam Mohua,FEMALE,DOCTOR
971,Dr. Mayeesha Hossain,Dr. Mayeesha Hossain,FEMALE,DOCTOR
972,Asst. Prof. Dr. Shaikh Abdullah Al Mamun,Asst. Prof. Dr. Shaikh Abdullah Al Mamun,MALE,DOCTOR
973,Dr. Marufur Rahman,Dr. Marufur Rahman,MALE,DOCTOR
974,Dr. Raihan Ahmad,Dr. Raihan Ahmad,MALE,DOCTOR
975,Dr. Md Rayhan Hossain,Dr. Md Rayhan Hossain,MALE,DOCTOR
976,Dr. Abdullah Al Rashed,Dr. Abdullah Al Rashed,MALE,DOCTOR
977,Dr. Muhammad Abdullah Al Mamun,Dr. Muhammad Abdullah Al Mamun,MALE,DOCTOR
978,Dr. Farhana Yasmin,Dr. Farhana Yasmin,FEMALE,DOCTOR
979,Dr. Sumaiya Khaled,Dr. Sumaiya Khaled,FEMALE,DOCTOR
980,Dr. Iffat Mostofa,Dr. Iffat Mostofa,FEMALE,DOCTOR
981,Dr. Afzal Ahmed,Dr. Afzal Ahmed,MALE,DOCTOR
982,Dr. Salahuddin Farhan,Dr. Salahuddin Farhan,MALE,DOCTOR
983,Dr. Toufiqur Reza,Dr. Toufiqur Reza,MALE,DOCTOR
984,Dr. Md. Safawan Hussain Al- Mahmud,Dr. Md. Safawan Hussain Al- Mahmud,MALE,DOCTOR
985,Dr. Khalid Hasan,Dr. Khalid Hasan,MALE,DOCTOR
986,Dr. Sm. Ashik Faysal,Dr. Sm. Ashik Faysal,MALE,DOCTOR
987,Dr. Samir Tasrif,Dr. Samir Tasrif,MALE,DOCTOR
988,Dr. Asma Akter Mitu,Dr. Asma Akter Mitu,FEMALE,DOCTOR
989,Dr. Ahashan Habib,Dr. Ahashan Habib,MALE,DOCTOR
990,Dr. Tanjjina Jahan,Dr. Tanjjina Jahan,FEMALE,DOCTOR
991,Dr. Md Mahfuzul Hussain,Dr. Md Mahfuzul Hussain,MALE,DOCTOR
992,Dr. Dibanur Rashid,Dr. Dibanur Rashid,FEMALE,DOCTOR
993,Dr. MD.ZIAUR Rahman,Dr. MD.ZIAUR Rahman,MALE,DOCTOR
994,Dr. KAZI MOHSIN UDDIN AHMED,Dr. KAZI MOHSIN UDDIN AHMED,MALE,DOCTOR
995,Dr. Nabil Rayhan,Dr. Nabil Rayhan,MALE,DOCTOR
996,Prof. Dr. Red Bull,Prof. Dr. Red Bull,MALE,DOCTOR
997,Dr. Aziz Ahmed,Dr. Aziz Ahmed,MALE,DOCTOR
998,Dr. Nazmul Ahashan Shuvo,Dr. Nazmul Ahashan Shuvo,MALE,DOCTOR
999,Dr. Mohammad Masudur Rahman,Dr. Mohammad Masudur Rahman,MALE,DOCTOR
1000,Dr. Mohafil Ara Munmun,Dr. Mohafil Ara Munmun,FEMALE,DOCTOR
1001,Dr. Mohammed Akter Hossan Masud,Dr. Mohammed Akter Hossan Masud,MALE,DOCTOR
1002,Md Meraz Hossain,Md Meraz Hossain,MALE,DOCTOR
1003,Dr. Seebat Masrur,Dr. Seebat Masrur,MALE,DOCTOR
1004,Dr. S. M. Asif Arifin,Dr. S. M. Asif Arifin,MALE,DOCTOR
1005,Dr. Puja Saha,Dr. Puja Saha,FEMALE,DOCTOR
1006,Dr. Sanjay Chatterjee,Dr. Sanjay Chatterjee,MALE,DOCTOR
1007,Dr. Saidul Islam,Dr. Saidul Islam,MALE,DOCTOR
1008,Dr. Fahima Ferdous,Dr. Fahima Ferdous,FEMALE,DOCTOR
1009,Dr. Moumita Paul,Dr. Moumita Paul,FEMALE,DOCTOR
1010,Dr. Niloy Biswas,Dr. Niloy Biswas,MALE,DOCTOR
1011,Dr. Tahmina Noni,Dr. Tahmina Noni,FEMALE,DOCTOR
1012,Dr. Shaionty Rahman,Dr. Shaionty Rahman,FEMALE,DOCTOR
1013,Dr. Alim Al Razy,Dr. Alim Al Razy,MALE,DOCTOR
1014,Dr. Zahidul Islam,Dr. Zahidul Islam,MALE,DOCTOR
1015,Dr. Nayeema Roshni,Dr. Nayeema Roshni,FEMALE,DOCTOR
1016,Dr. Hasan Mahmud Abdullah,Dr. Hasan Mahmud Abdullah,MALE,DOCTOR
1017,Dr. farzana ahmmed,Dr. farzana ahmmed,FEMALE,DOCTOR
1018,Dr. Hosne Nazia,Dr. Hosne Nazia,FEMALE,DOCTOR
1019,Dr. Sawrav Deb Bappy,Dr. Sawrav Deb Bappy,MALE,DOCTOR
1020,Dr. MD. Mehedi Hasan,Dr. MD. Mehedi Hasan,MALE,DOCTOR
1021,Dr. Rezaul Haque,Dr. Rezaul Haque,MALE,DOCTOR
1022,Dr. Abir Salman,Dr. Abir Salman,MALE,DOCTOR
1023,Dr. Ayub Hossain,Dr. Ayub Hossain,MALE,DOCTOR
1024,Dr. Md. Maroful Hassan,Dr. Md. Maroful Hassan,MALE,DOCTOR
1025,Dr. Rebeka Sultana,Dr. Rebeka Sultana,FEMALE,DOCTOR
1026,Dr. Shamim Ahmed Chowdhury,Dr. Shamim Ahmed Chowdhury,MALE,DOCTOR
1027,Asst. Prof. Dr. Mahmudul Hasan,Asst. Prof. Dr. Mahmudul Hasan,MALE,DOCTOR
1028,Dr. Syed Muhammad Asifur Rahman,Dr. Syed Muhammad Asifur Rahman,MALE,DOCTOR
1029,Dr. MD Mushfqur Rahman,Dr. MD Mushfqur Rahman,MALE,DOCTOR
1030,Dr. T M RIDWAN AKOND,Dr. T M RIDWAN AKOND,MALE,DOCTOR
1031,Asst. Prof. Dr. Manira Khanam Nishi,Asst. Prof. Dr. Manira Khanam Nishi,FEMALE,DOCTOR
1032,Dr. Ratul Saha,Dr. Ratul Saha,MALE,DOCTOR
1033,Dr. Apu Karmaker,Dr. Apu Karmaker,MALE,DOCTOR
1034,Dr. Ruhul Amin,Dr. Ruhul Amin,MALE,DOCTOR
1035,Dr. Shifat Akter Jahan,Dr. Shifat Akter Jahan,FEMALE,DOCTOR
1036,Dr. Amit Saha,Dr. Amit Saha,MALE,DOCTOR
1037,Asst. Prof. Dr. Enamul Karim,Asst. Prof. Dr. Enamul Karim,MALE,DOCTOR
1038,Dr. Fazle Robbi,Dr. Fazle Robbi,MALE,DOCTOR
1039,Dr. Md. Shahadat Hossain,Dr. Md. Shahadat Hossain,MALE,DOCTOR
1040,Dr. SYEDA FARAH FERDOUS,Dr. SYEDA FARAH FERDOUS,FEMALE,DOCTOR
1041,Dr. Afroza Sultana,Dr. Afroza Sultana,FEMALE,DOCTOR
1042,Dr. Mst. Suraia Pervin,Dr. Mst. Suraia Pervin,FEMALE,DOCTOR
1043,Dr. Md Mostafijur Rahman,Dr. Md Mostafijur Rahman,MALE,DOCTOR
1044,Dr. Forhad Ahmed Choudhury,Dr. Forhad Ahmed Choudhury,MALE,DOCTOR
1045,Dr. Aniqua Yasmin,Dr. Aniqua Yasmin,FEMALE,DOCTOR
1046,Dr. Nazah Azad,Dr. Nazah Azad,FEMALE,DOCTOR
1047,Dr. Md. Khalid Saifullah,Dr. Md. Khalid Saifullah,MALE,DOCTOR
1048,Dr. Sanzida Sharmin Ananna,Dr. Sanzida Sharmin Ananna,FEMALE,DOCTOR
1049,Dr. Noor-E-Abedin Shifat,Dr. Noor-E-Abedin Shifat,MALE,DOCTOR
1050,Dr. Muhammad Ashiqur Rahman,Dr. Muhammad Ashiqur Rahman,MALE,DOCTOR
1051,Dr. Nishat Tasnim,Dr. Nishat Tasnim,FEMALE,DOCTOR
1052,Dr. Md Shariful Islam,Dr. Md Shariful Islam,MALE,DOCTOR
1053,Dr. Mirza Shamim,Dr. Mirza Shamim,MALE,DOCTOR
1054,Dr. Tanmoy Saha,Dr. Tanmoy Saha,MALE,DOCTOR
1055,Dr. sabrin sultana,Dr. sabrin sultana,FEMALE,DOCTOR
1056,Dr. Mst.Syma Sabrin,Dr. Mst.Syma Sabrin,FEMALE,DOCTOR
1057,Dr. Suvo Kumar Bhowmik,Dr. Suvo Kumar Bhowmik,MALE,DOCTOR
1058,Dr. Rudro Proshad Biswas,Dr. Rudro Proshad Biswas,MALE,DOCTOR
1059,Dr. Akhtarun Nahar,Dr. Akhtarun Nahar,FEMALE,DOCTOR
1060,Dr. Md. Momenul Hassan Himel Talukder,Dr. Md. Momenul Hassan Himel Talukder,MALE,DOCTOR
1061,Assoc. Prof. Dr. C M Shaheen Kabir,Assoc. Prof. Dr. C M Shaheen Kabir,MALE,DOCTOR
1062,Dr. Subrata Barman,Dr. Subrata Barman,MALE,DOCTOR
1063,Dr. Md. Nakib Jahangir,Dr. Md. Nakib Jahangir,MALE,DOCTOR
1064,Dr. Md. Rakibul Hasan Rajib,Dr. Md. Rakibul Hasan Rajib,MALE,DOCTOR
1065,Dr. Tama Islam,Dr. Tama Islam,FEMALE,DOCTOR
1066,Dr. Md. Rezuan Ullah,Dr. Md. Rezuan Ullah,MALE,DOCTOR
1067,Dr. Lt Col Rokeya Rahman Retd,Dr. Lt Col Rokeya Rahman Retd,FEMALE,DOCTOR
1068,Dr. Mahbubur Rahman,Dr. Mahbubur Rahman,MALE,DOCTOR
1069,Dr. Soumitra Biswas,Dr. Soumitra Biswas,MALE,DOCTOR
1070,Dr. Md. Shakil Khan,Dr. Md. Shakil Khan,MALE,DOCTOR
1071,Dr. Asma Yasmin,Dr. Asma Yasmin,FEMALE,DOCTOR
1072,Dr. M Ashadullah-Al- Galib,Dr. M Ashadullah-Al- Galib,FEMALE,DOCTOR
1073,Dr. Prince Khan,Dr. Prince Khan,MALE,DOCTOR
1074,Dr. sadia islam,Dr. sadia islam,FEMALE,DOCTOR
1075,Dr. Naziur Rahman,Dr. Naziur Rahman,MALE,DOCTOR
1076,Dr. Rasheda Akhter,Dr. Rasheda Akhter,FEMALE,DOCTOR
1077,Dr. Md Monzurul Haque,Dr. Md Monzurul Haque,MALE,DOCTOR
1078,Dr. polton Sutra Dhar Shiplu,Dr. polton Sutra Dhar Shiplu,MALE,DOCTOR
1079,Dr. MD KAWSAR AHAMMED,Dr. MD KAWSAR AHAMMED,MALE,DOCTOR
1080,Dr. Refat Rahman,Dr. Refat Rahman,MALE,DOCTOR
1081,Dr. Rajib Guha,Dr. Rajib Guha,MALE,DOCTOR
1082,Dr. Sadia Afrin,Dr. Sadia Afrin,FEMALE,DOCTOR
1083,Dr. MOHAMMAD ASHRAFUL AMIN,Dr. MOHAMMAD ASHRAFUL AMIN,MALE,DOCTOR
1084,Dr. Shuvashis Saha Shuvo,Dr. Shuvashis Saha Shuvo,MALE,DOCTOR
1085,Rakibul Hasan,Rakibul Hasan,MALE,DOCTOR
1086,Dr. Rousa Nasim,Dr. Rousa Nasim,FEMALE,DOCTOR
1087,Dr. Inzamamul Hoque,Dr. Inzamamul Hoque,MALE,DOCTOR
1088,Dr. Mehsan Chowdhury,Dr. Mehsan Chowdhury,MALE,DOCTOR
1089,Dr. Md. Hasanul Karim,Dr. Md. Hasanul Karim,MALE,DOCTOR
1090,Dr. Fahim Haider Khan,Dr. Fahim Haider Khan,MALE,DOCTOR
1091,Assoc. Prof. Dr. Md. Mahbubur Rahman,Assoc. Prof. Dr. Md. Mahbubur Rahman,MALE,DOCTOR
1092,Asst. Prof. Dr. Ahmed Gazi Jased,Asst. Prof. Dr. Ahmed Gazi Jased,MALE,DOCTOR
1093,Dr. Suraya Zebin Mousumi,Dr. Suraya Zebin Mousumi,FEMALE,DOCTOR
1094,Dr. sadia sultana,Dr. sadia sultana,FEMALE,DOCTOR
1095,Dr. Omar Faruq,Dr. Omar Faruq,MALE,DOCTOR
1096,Dr. Joy Sen,Dr. Joy Sen,MALE,DOCTOR
1097,Dr. Nahid Rabbi,Dr. Nahid Rabbi,MALE,DOCTOR
1098,Dr. Refat Mannan,Dr. Refat Mannan,MALE,DOCTOR
1099,Dr. Sreekanta Debnath,Dr. Sreekanta Debnath,MALE,DOCTOR
1100,Dr. Pulak Ranjan,Dr. Pulak Ranjan,MALE,DOCTOR
1101,Dr. Ainul Hasan,Dr. Ainul Hasan,MALE,DOCTOR
1102,Dr. A K M KAMRUL HASAN,Dr. A K M KAMRUL HASAN,MALE,DOCTOR
1103,Dr. Ahmed Muhiuddin,Dr. Ahmed Muhiuddin,MALE,DOCTOR
1104,Dr. Md. Ashikur Rahaman,Dr. Md. Ashikur Rahaman,MALE,DOCTOR
1105,Dr. Imran Hossen Minaz,Dr. Imran Hossen Minaz,MALE,DOCTOR
1106,Dr. Sharmin Lima,Dr. Sharmin Lima,FEMALE,DOCTOR
1107,Dr. jahangir alam,Dr. jahangir alam,MALE,DOCTOR
1108,Dr. Tashreefa Amreen Haque,Dr. Tashreefa Amreen Haque,FEMALE,DOCTOR
1109,Dr. Khadija Aktar Sonia,Dr. Khadija Aktar Sonia,FEMALE,DOCTOR
1110,Dr. Monjurul Hasan,Dr. Monjurul Hasan,MALE,DOCTOR
1111,Dr. Md. Mishkat Ali Khan,Dr. Md. Mishkat Ali Khan,MALE,DOCTOR
1112,Dr. Md. Khasnur Rabby,Dr. Md. Khasnur Rabby,MALE,DOCTOR
1113,Dr. MOHAMMED AQIB JAVED,Dr. MOHAMMED AQIB JAVED,MALE,DOCTOR
1114,Asst. Prof. Dr. Md Sayeef Ullah Sujan,Asst. Prof. Dr. Md Sayeef Ullah Sujan,MALE,DOCTOR
1115,Tarun Mitra,Tarun Mitra,MALE,DOCTOR
1116,Dr. Shuvo Majumder,Dr. Shuvo Majumder,MALE,DOCTOR
1117,Dr. Adnan Imtiaj,Dr. Adnan Imtiaj,MALE,DOCTOR
1118,Dr. Amir Hamza,Dr. Amir Hamza,MALE,DOCTOR
1119,Dr. Md.Faisal Ahmed,Dr. Md.Faisal Ahmed,MALE,DOCTOR
1120,Dr. Rana talukder,Dr. Rana talukder,MALE,DOCTOR
1121,Dr. Arif Masud Jewel,Dr. Arif Masud Jewel,MALE,DOCTOR
1122,Dr. Suvoshree Das,Dr. Suvoshree Das,FEMALE,DOCTOR
1123,Dr. Chironjib Sarker,Dr. Chironjib Sarker,MALE,DOCTOR
1124,Asst. Prof. Dr. Test Daktar,Asst. Prof. Dr. Test Daktar,MALE,DOCTOR
1125,Dr. MD.AHSAN HASIB,Dr. MD.AHSAN HASIB,MALE,DOCTOR
1126,Dr. Rakib UZ Zaman,Dr. Rakib UZ Zaman,MALE,DOCTOR
1127,Dr. Md. Zahirul Islam,Dr. Md. Zahirul Islam,MALE,DOCTOR
1128,Dr. Razia Begum,Dr. Razia Begum,FEMALE,DOCTOR
1129,Dr. Habizar Rahman,Dr. Habizar Rahman,MALE,DOCTOR
1130,Dr. Chirangib  Singha Palash,Dr. Chirangib  Singha Palash,MALE,DOCTOR
1131,Dr. Elmay Taswafe Asha,Dr. Elmay Taswafe Asha,FEMALE,DOCTOR
1132,Dr. Siffat Sharmin,Dr. Siffat Sharmin,FEMALE,DOCTOR
1133,Dr. Tanvir Ahmed,Dr. Tanvir Ahmed,MALE,DOCTOR
1134,Dr. Naushad Khan,Dr. Naushad Khan,MALE,DOCTOR
1135,Dr. Proma Alam,Dr. Proma Alam,FEMALE,DOCTOR
1136,Dr. Syeda Meherina Hossain,Dr. Syeda Meherina Hossain,FEMALE,DOCTOR
1137,Prof. Dr. Md Hafizur Rahman Ansary,Prof. Dr. Md Hafizur Rahman Ansary,MALE,DOCTOR
1138,Dr. Rahat Rahman,Dr. Rahat Rahman,MALE,DOCTOR
1139,Dr. Abdullah Al Noman Noman,Dr. Abdullah Al Noman Noman,MALE,DOCTOR
1140,Asst. Prof. Dr. Nobin Testa,Asst. Prof. Dr. Nobin Testa,MALE,DOCTOR
1141,Dr. Keya Das,Dr. Keya Das,FEMALE,DOCTOR
1142,Dr. Udit Prayas Sikder,Dr. Udit Prayas Sikder,MALE,DOCTOR
1143,Dr. Monira Sultana,Dr. Monira Sultana,FEMALE,DOCTOR
1144,Dr. Rafat sultana Riya,Dr. Rafat sultana Riya,FEMALE,DOCTOR
1145,Dr. HASAN MOHAMMAD NAVIN,Dr. HASAN MOHAMMAD NAVIN,MALE,DOCTOR
1146,Dr. Moshiur majumder,Dr. Moshiur majumder,MALE,DOCTOR
1147,Dr. UMME RUMANA ZAMAN,Dr. UMME RUMANA ZAMAN,FEMALE,DOCTOR
1148,Dr. Preetam Kumar Saha,Dr. Preetam Kumar Saha,MALE,DOCTOR
1149,Dr. Fahim Hossain,Dr. Fahim Hossain,MALE,DOCTOR
1150,Dr. Delowara Begam,Dr. Delowara Begam,FEMALE,DOCTOR
1151,Dr. Tamim Islam,Dr. Tamim Islam,MALE,DOCTOR
1152,Dr. Esmat Ara,Dr. Esmat Ara,FEMALE,DOCTOR
1153,Dr. Moushumy Aktar,Dr. Moushumy Aktar,MALE,DOCTOR
1154,Dr. Md. Atiq Afzal Hafizuddin,Dr. Md. Atiq Afzal Hafizuddin,MALE,DOCTOR
1155,Dr. Delowar Hossen,Dr. Delowar Hossen,MALE,DOCTOR
1156,Dr. Zobayer Hossain Sagor,Dr. Zobayer Hossain Sagor,MALE,DOCTOR
1157,Dr. Zahid Hasan,Dr. Zahid Hasan,MALE,DOCTOR
1158,Dr. Md. Mahmudul Hasan Faisal,Dr. Md. Mahmudul Hasan Faisal,MALE,DOCTOR
1159,Dr. Md. Aminul Islam,Dr. Md. Aminul Islam,MALE,DOCTOR
1160,Dr. Sakib Ibne Shahidullah,Dr. Sakib Ibne Shahidullah,MALE,DOCTOR
1161,Dr. Dardia Jaman,Dr. Dardia Jaman,FEMALE,DOCTOR
1162,Dr. Shakil Ahmed,Dr. Shakil Ahmed,MALE,DOCTOR
1163,Dr. Irin Chowdhury,Dr. Irin Chowdhury,FEMALE,DOCTOR
1164,Dr. Wahedul Islam Sobuj,Dr. Wahedul Islam Sobuj,MALE,DOCTOR
1165,Dr. Hojaifa Zohora Shirupa,Dr. Hojaifa Zohora Shirupa,FEMALE,DOCTOR
1166,Dr. Fahmida Akther,Dr. Fahmida Akther,FEMALE,DOCTOR
1167,Dr. Mrinmoy Dey,Dr. Mrinmoy Dey,MALE,DOCTOR
1168,Dr. Israt Jahan Prity,Dr. Israt Jahan Prity,FEMALE,DOCTOR
1169,Dr. Sydul Islam Monna,Dr. Sydul Islam Monna,MALE,DOCTOR
1170,Dr. Md.Ibrahim Khalil,Dr. Md.Ibrahim Khalil,MALE,DOCTOR
1171,Dr. Ahsan Ullah,Dr. Ahsan Ullah,MALE,DOCTOR
1172,Dr. Nirupom Kumar Sikder,Dr. Nirupom Kumar Sikder,MALE,DOCTOR
1173,Dr. Upama saha,Dr. Upama saha,FEMALE,DOCTOR
1174,Dr. Aleya Khatun,Dr. Aleya Khatun,FEMALE,DOCTOR
1175,Dr. Tabassum Ahmed,Dr. Tabassum Ahmed,FEMALE,DOCTOR
1176,Dr. Mobassarul Islam,Dr. Mobassarul Islam,MALE,DOCTOR
1177,Dr. MD. Imtiaz Faruk,Dr. MD. Imtiaz Faruk,MALE,DOCTOR
1178,Dr. Maria Seraj,Dr. Maria Seraj,FEMALE,DOCTOR
1179,Dr. Md. Mahfujul Hassan,Dr. Md. Mahfujul Hassan,MALE,DOCTOR
1180,Dr. Abdullah Al Muntasir,Dr. Abdullah Al Muntasir,MALE,DOCTOR
1181,Dr. Shafiqul Islam,Dr. Shafiqul Islam,MALE,DOCTOR
1182,Dr. Md.Jamiul Bari,Dr. Md.Jamiul Bari,MALE,DOCTOR
1183,Dr. Smaranika Alam,Dr. Smaranika Alam,FEMALE,DOCTOR
1184,Dr. Shuvashish Tripaty,Dr. Shuvashish Tripaty,MALE,DOCTOR
1185,Asst. Prof. Dr. Rakhal Chandra Barman,Asst. Prof. Dr. Rakhal Chandra Barman,MALE,DOCTOR
1186,Dr. RAZIA MARJIA,Dr. RAZIA MARJIA,FEMALE,DOCTOR
1187,Dr. Fatema Tuzzannat Brishty,Dr. Fatema Tuzzannat Brishty,FEMALE,DOCTOR
1188,Dr. Sharmin Akter,Dr. Sharmin Akter,FEMALE,DOCTOR
1189,Dr. Sazia Afreen,Dr. Sazia Afreen,FEMALE,DOCTOR
1190,Dr. Sagar Datta,Dr. Sagar Datta,MALE,DOCTOR
1191,Dr. Shubhra Prakash Paul,Dr. Shubhra Prakash Paul,FEMALE,DOCTOR
1192,Dr. Lipon Roy,Dr. Lipon Roy,MALE,DOCTOR
1193,Dr. Rifahul Ahbab Intisar,Dr. Rifahul Ahbab Intisar,MALE,DOCTOR
1194,Dr. Rumana Khan,Dr. Rumana Khan,FEMALE,DOCTOR
1195,Asst. Prof. Dr. Masrun Mostafa Chowdhury,Asst. Prof. Dr. Masrun Mostafa Chowdhury,FEMALE,DOCTOR
1196,Dr. Md. Alamin,Dr. Md. Alamin,MALE,DOCTOR
1197,Dr. Al Amin,Dr. Al Amin,MALE,DOCTOR
1198,Dr. Sanjida Ahmed,Dr. Sanjida Ahmed,FEMALE,DOCTOR
1199,Dr. S. M. Mohaiminul Islam,Dr. S. M. Mohaiminul Islam,MALE,DOCTOR
1200,Dr. Jahanara Perveen,Dr. Jahanara Perveen,FEMALE,DOCTOR
1201,Dr. Sarah Atharin,Dr. Sarah Atharin,FEMALE,DOCTOR
1202,Dr. Shaikh Ibne Anwar,Dr. Shaikh Ibne Anwar,MALE,DOCTOR
1203,Dr. Mostafizur Rahman,Dr. Mostafizur Rahman,MALE,DOCTOR
1204,Dr. Md shafiqul Islam,Dr. Md shafiqul Islam,MALE,DOCTOR
1205,Dr. Pritam Das,Dr. Pritam Das,FEMALE,DOCTOR
1206,Dr. MAHBUB MURSHED,Dr. MAHBUB MURSHED,MALE,DOCTOR
1207,Dr. Md.Tarikul Islam,Dr. Md.Tarikul Islam,MALE,DOCTOR
1208,Dr. Alamgir Hossain,Dr. Alamgir Hossain,MALE,DOCTOR
1209,Dr. Chaity Biswas,Dr. Chaity Biswas,FEMALE,DOCTOR
1210,Dr. Md.Abdullah Al Mahmud,Dr. Md.Abdullah Al Mahmud,FEMALE,DOCTOR
1211,Dr. Mehdi Faruk,Dr. Mehdi Faruk,MALE,DOCTOR
1212,Dr. Md. Tariqul Islam Limon,Dr. Md. Tariqul Islam Limon,MALE,DOCTOR
1213,Dr. Shahjahan Chowdhury,Dr. Shahjahan Chowdhury,MALE,DOCTOR
1214,Dr. Md Shah Newaz,Dr. Md Shah Newaz,MALE,DOCTOR
1215,Dr. Muhaimen Salit,Dr. Muhaimen Salit,MALE,DOCTOR
1216,Dr. MD. NURUL HUDY AJHARY,Dr. MD. NURUL HUDY AJHARY,MALE,DOCTOR
1217,Dr. Md. Waliur Rahman,Dr. Md. Waliur Rahman,MALE,DOCTOR
1218,Dr. Md. Arif Hossain,Dr. Md. Arif Hossain,MALE,DOCTOR
1219,Dr. Liton Sarker,Dr. Liton Sarker,MALE,DOCTOR
1220,Dr. Shyama Chakraborty,Dr. Shyama Chakraborty,FEMALE,DOCTOR
1221,Dr. Mohammad Mahabub Hassan,Dr. Mohammad Mahabub Hassan,MALE,DOCTOR
1222,Dr. Fouzia Noor,Dr. Fouzia Noor,FEMALE,DOCTOR
1223,Dr. Mir Mushfiqur Rahman,Dr. Mir Mushfiqur Rahman,MALE,DOCTOR
1224,Assoc. Prof. Dr. Md Faruk Hossain,Assoc. Prof. Dr. Md Faruk Hossain,MALE,DOCTOR
1225,Dr. Taslim Ul Islam,Dr. Taslim Ul Islam,MALE,DOCTOR
1226,Dr. Soheli Akter,Dr. Soheli Akter,FEMALE,DOCTOR
1227,Dr. Raouful Islam,Dr. Raouful Islam,MALE,DOCTOR
1228,Dr. Adnan Al Berunie,Dr. Adnan Al Berunie,MALE,DOCTOR
1229,Dr. Ahmed Ali,Dr. Ahmed Ali,MALE,DOCTOR
1230,Dr. Sumon Paul,Dr. Sumon Paul,MALE,DOCTOR
1231,Dr. Habibur Rahman Bhuiyan,Dr. Habibur Rahman Bhuiyan,MALE,DOCTOR
1232,Dr. Susmoy Bhoumik Pranto,Dr. Susmoy Bhoumik Pranto,MALE,DOCTOR
1233,Dr. MD. Abul Hasem Mojumder,Dr. MD. Abul Hasem Mojumder,MALE,DOCTOR
1234,Dr. Simim Afrose,Dr. Simim Afrose,FEMALE,DOCTOR
1235,Md. Mehedi Hasan,Md. Mehedi Hasan,MALE,DOCTOR
1236,Dr. K M Shahadat Ali,Dr. K M Shahadat Ali,MALE,DOCTOR
1237,Dr. NAZNEEN NAHAR,Dr. NAZNEEN NAHAR,FEMALE,DOCTOR
1238,Dr. Kamrul Islam,Dr. Kamrul Islam,MALE,DOCTOR
1239,Dr. Md. Jahidul Haque,Dr. Md. Jahidul Haque,MALE,DOCTOR
1240,Dr. Mahmudul Hasan Mozomder,Dr. Mahmudul Hasan Mozomder,MALE,DOCTOR